,,,,,,,,,,% of FGA by Distance,% of FGA by Distance,% of FGA by Distance,% of FGA by Distance,% of FGA by Distance,% of FGA by Distance,,FG% by Distance,FG% by Distance,FG% by Distance,FG% by Distance,FG% by Distance,FG% by Distance,,% of FG Ast'd,% of FG Ast'd,,Dunks,Dunks,,Corner 3s,Corner 3s,,Heaves,Heaves,-additional
Rk,Player,Pos,Age,Tm,G,MP,FG%,Dist.,,2P,0-3,3-10,10-16,16-3P,3P,,2P,0-3,3-10,10-16,16-3P,3P,,2P,3P,,%FGA,#,,%3PA,3P%,,Att.,#,-9999
1,Precious Achiuwa,PF-C,24,TOT,74,1624,.501,7.6,,.793,.520,.215,.047,.011,.207,,.562,.697,.317,.273,.200,.268,,.593,.962,,.145,62,,.474,.304,,0,0,achiupr01
2,Bam Adebayo,C,26,MIA,71,2416,.521,8.5,,.959,.245,.367,.278,.069,.041,,.528,.727,.515,.406,.386,.357,,.573,1.000,,.148,134,,.167,.429,,0,0,adebaba01
3,Ochai Agbaji,SG,23,TOT,78,1641,.411,14.0,,.513,.289,.176,.037,.012,.487,,.523,.664,.329,.438,.200,.294,,.750,.984,,.085,31,,.455,.365,,1,0,agbajoc01
4,Santi Aldama,PF,23,MEM,61,1618,.435,15.8,,.465,.211,.188,.049,.016,.535,,.534,.692,.411,.393,.333,.349,,.674,.962,,.067,34,,.296,.300,,0,0,aldamsa01
5,Nickeil Alexander-Walker,SG,25,MIN,82,1921,.439,17.7,,.377,.149,.145,.046,.037,.623,,.517,.650,.449,.440,.350,.391,,.581,.977,,.020,9,,.469,.452,,2,0,alexani01
6,Grayson Allen,SG,28,PHO,75,2513,.499,18.2,,.348,.192,.130,.023,.001,.652,,.570,.687,.438,.375,.000,.461,,.570,.912,,.031,17,,.294,.473,,0,0,allengr01
7,Jarrett Allen,C,25,CLE,77,2442,.634,4.2,,.993,.554,.338,.081,.020,.007,,.638,.738,.531,.500,.250,.000,,.823,,,.243,170,,.333,.000,,0,0,allenja01
8,Timmy Allen,SF,24,MEM,5,125,.261,14.6,,.696,.130,.174,.261,.130,.304,,.375,.333,.500,.333,.333,.000,,.333,,,.000,0,,.714,.000,,0,0,allenti01
9,Jose Alvarado,PG,25,NOP,56,1028,.412,17.7,,.400,.136,.188,.067,.009,.600,,.464,.617,.415,.304,.333,.377,,.578,.885,,.000,0,,.280,.483,,1,0,alvarjo01
10,Kyle Anderson,PF,30,MIN,79,1782,.460,9.0,,.889,.192,.480,.189,.028,.111,,.488,.627,.438,.476,.500,.229,,.511,1.000,,.025,10,,.688,.303,,1,0,anderky01
11,Giannis Antetokounmpo,PF,29,MIL,73,2567,.611,6.7,,.909,.519,.251,.068,.072,.091,,.645,.818,.452,.323,.374,.274,,.509,.500,,.193,251,,.024,.000,,1,0,antetgi01
12,Thanasis Antetokounmpo,PF,31,MIL,34,155,.533,3.7,,.967,.767,.167,.000,.033,.033,,.552,.609,.400,,.000,.000,,.750,,,.333,7,,1.000,.000,,0,0,antetth01
13,Cole Anthony,PG,23,ORL,81,1817,.435,14.9,,.640,.152,.244,.169,.075,.360,,.490,.647,.484,.434,.316,.338,,.280,.892,,.014,9,,.204,.321,,3,0,anthoco01
14,OG Anunoby,SF,26,TOT,50,1702,.489,14.0,,.537,.310,.121,.066,.040,.463,,.581,.721,.357,.368,.522,.382,,.689,.961,,.144,75,,.476,.457,,0,0,anunoog01
15,Ryan Arcidiacono,PG,29,NYK,20,45,.000,26.3,,.000,.000,.000,.000,.000,1.000,,,,,,,.000,,,,,.000,0,,.000,,,0,0,arcidry01
16,Deni Avdija,SF,23,WAS,75,2257,.506,10.9,,.707,.336,.298,.044,.030,.293,,.560,.737,.427,.171,.458,.374,,.569,.852,,.057,42,,.272,.484,,3,0,avdijde01
17,Deandre Ayton,C,25,POR,55,1784,.570,8.9,,.987,.255,.308,.268,.155,.013,,.576,.764,.541,.453,.552,.100,,.749,1.000,,.117,80,,.400,.250,,1,0,aytonde01
18,Udoka Azubuike,C,24,PHO,16,113,.696,2.7,,1.000,.696,.261,.043,.000,.000,,.696,.813,.500,.000,,,,.563,,,.522,10,,,,,0,0,azubuud01
19,Ibou Badji,C,21,POR,22,226,.636,4.2,,1.000,.591,.227,.136,.045,.000,,.636,.769,.200,.667,1.000,,,.500,,,.409,7,,,,,0,0,badjiib01
20,Marvin Bagley III,C,24,TOT,50,1053,.586,5.1,,.944,.544,.292,.091,.017,.056,,.597,.721,.454,.405,.143,.391,,.665,1.000,,.189,71,,.304,.429,,0,0,baglema01
21,Amari Bailey,PG,19,CHO,10,65,.333,13.5,,.667,.333,.042,.167,.125,.333,,.438,.500,1.000,.250,.333,.125,,.286,1.000,,.125,2,,.125,1.000,,0,0,baileam01
22,Patrick Baldwin Jr.,SF,21,WAS,38,493,.381,18.0,,.374,.219,.097,.026,.032,.626,,.483,.676,.267,.250,.000,.320,,.714,1.000,,.058,9,,.165,.375,,0,0,baldwpa01
23,LaMelo Ball,PG,22,CHO,22,711,.433,15.4,,.534,.191,.265,.054,.024,.466,,.500,.654,.455,.348,.100,.355,,.159,.586,,.002,0,,.157,.484,,0,0,ballla01
24,Mo Bamba,C,25,PHI,57,740,.490,10.6,,.677,.475,.146,.020,.035,.323,,.537,.617,.345,.750,.143,.391,,.611,1.000,,.187,33,,.125,.125,,0,0,bambamo01
25,Paolo Banchero,PF,21,ORL,80,2799,.455,12.6,,.751,.225,.235,.183,.108,.249,,.493,.703,.403,.395,.421,.339,,.363,.655,,.063,80,,.068,.250,,2,0,banchpa01
26,Desmond Bane,SG,25,MEM,42,1443,.464,15.9,,.536,.216,.168,.061,.091,.464,,.536,.720,.377,.553,.380,.381,,.404,.613,,.009,7,,.144,.442,,2,0,banede01
27,Dalano Banton,PG,24,TOT,54,1047,.404,13.7,,.602,.232,.268,.068,.034,.398,,.475,.655,.396,.294,.235,.296,,.336,.847,,.034,17,,.146,.345,,0,0,bantoda01
28,Dominick Barlow,PF,20,SAS,33,420,.496,7.4,,.920,.398,.257,.221,.044,.080,,.510,.578,.483,.480,.200,.333,,.698,1.000,,.088,9,,.889,.375,,0,0,barlodo01
29,Harrison Barnes,PF,31,SAC,82,2381,.474,15.9,,.474,.182,.223,.052,.018,.526,,.571,.684,.515,.421,.538,.387,,.631,.966,,.034,21,,.421,.420,,0,0,barneha02
30,Scottie Barnes,SG,22,TOR,60,2094,.475,12.4,,.686,.271,.268,.079,.069,.314,,.536,.733,.429,.297,.446,.341,,.462,.911,,.084,73,,.149,.364,,1,0,barnesc01
31,RJ Barrett,SG,23,TOT,58,1838,.495,10.2,,.716,.364,.276,.057,.019,.284,,.549,.694,.420,.300,.412,.360,,.592,.989,,.050,39,,.352,.409,,0,0,barrerj01
32,Charles Bassey,C,23,SAS,19,205,.725,5.0,,.975,.650,.100,.200,.025,.025,,.744,.846,.750,.500,.000,.000,,.793,,,.250,10,,.000,,,0,0,bassech01
33,Emoni Bates,SF,20,CLE,15,133,.306,20.5,,.327,.143,.041,.041,.102,.673,,.313,.286,.000,.500,.400,.303,,.200,1.000,,.020,0,,.182,.500,,0,0,batesem01
34,Keita Bates-Diop,SF,28,TOT,53,665,.434,12.2,,.584,.343,.181,.060,.000,.416,,.526,.632,.333,.500,,.304,,.627,.952,,.096,15,,.623,.326,,0,0,bateske01
35,Nicolas Batum,PF,35,TOT,60,1529,.453,19.0,,.277,.191,.043,.027,.016,.723,,.606,.653,.636,.429,.250,.395,,.628,1.000,,.035,9,,.535,.434,,1,0,batumni01
36,Darius Bazley,PF,23,TOT,9,152,.600,9.9,,.733,.333,.333,.067,.000,.267,,.727,.900,.600,.500,,.250,,.500,1.000,,.233,6,,.625,.400,,0,0,bazleda01
37,Bradley Beal,SG,30,PHO,53,1767,.513,13.5,,.680,.233,.193,.132,.122,.320,,.552,.725,.472,.474,.433,.430,,.442,.861,,.034,22,,.311,.438,,0,0,bealbr01
38,Malik Beasley,SG,27,MIL,79,2337,.443,20.7,,.249,.073,.100,.040,.036,.751,,.533,.736,.472,.414,.423,.413,,.688,.951,,.008,5,,.399,.472,,0,0,beaslma01
39,MarJon Beauchamp,SF,23,MIL,48,608,.488,14.8,,.548,.277,.127,.054,.090,.452,,.560,.630,.476,.556,.467,.400,,.588,.967,,.096,12,,.387,.448,,0,0,beaucma01
40,Jules Bernard,SG,24,WAS,19,149,.453,14.0,,.547,.328,.172,.031,.016,.453,,.514,.571,.455,.500,.000,.379,,.278,.909,,.016,1,,.172,.600,,0,0,bernaju01
41,Dāvis Bertāns,PF,31,TOT,43,674,.393,23.7,,.145,.064,.038,.004,.038,.855,,.471,.600,.444,.000,.333,.380,,.938,.961,,.017,3,,.225,.333,,1,0,bertada01
42,Patrick Beverley,PG,35,TOT,73,1462,.417,15.3,,.522,.153,.293,.066,.011,.478,,.490,.672,.441,.320,.250,.337,,.361,.852,,.003,1,,.309,.464,,0,0,beverpa01
43,Saddiq Bey,SF,24,ATL,63,2062,.416,14.5,,.486,.287,.155,.033,.011,.514,,.522,.645,.361,.261,.375,.316,,.492,.982,,.066,44,,.453,.290,,1,0,beysa01
44,Goga Bitadze,C,24,ORL,62,957,.603,3.8,,.933,.689,.230,.005,.010,.067,,.636,.715,.438,.000,.000,.143,,.637,1.000,,.273,51,,.286,.000,,0,0,bitadgo01
45,Onuralp Bitim,SG,24,CHI,23,268,.381,16.2,,.476,.202,.143,.083,.048,.524,,.500,.706,.250,.571,.250,.273,,.750,1.000,,.060,3,,.341,.267,,0,0,bitimon01
46,Bismack Biyombo,C,31,TOT,40,791,.565,3.7,,1.000,.489,.504,.008,.000,.000,,.565,.719,.424,.000,,,,.757,,,.198,24,,,,,0,0,biyombi01
47,Anthony Black,PG,20,ORL,69,1164,.466,13.0,,.619,.308,.162,.085,.065,.381,,.510,.684,.400,.286,.250,.394,,.731,.919,,.109,25,,.500,.404,,0,0,blackan01
48,Leaky Black,SF,24,CHO,26,284,.481,12.4,,.615,.308,.212,.038,.058,.385,,.500,.750,.182,.500,.333,.450,,.688,1.000,,.077,4,,.450,.556,,0,0,blackle01
49,Buddy Boeheim,SF,24,DET,10,84,.310,23.9,,.138,.034,.034,.034,.034,.862,,.250,.000,.000,1.000,.000,.320,,1.000,1.000,,.000,0,,.200,.200,,0,0,boehebu01
50,Bogdan Bogdanović,SG,31,ATL,79,2401,.428,18.4,,.417,.123,.148,.095,.051,.583,,.503,.563,.460,.514,.464,.374,,.558,.863,,.008,7,,.204,.420,,5,0,bogdabo01
51,Bojan Bogdanović,SF-PF,34,TOT,57,1478,.454,16.7,,.510,.117,.181,.140,.072,.490,,.507,.625,.480,.484,.429,.398,,.648,.872,,.006,4,,.275,.435,,0,0,bogdabo02
52,Bol Bol,PF,24,PHO,43,469,.616,13.4,,.656,.185,.272,.146,.053,.344,,.717,.929,.683,.591,.500,.423,,.789,1.000,,.106,15,,.596,.419,,0,0,bolbo01
53,Marques Bolden,C,25,TOT,11,121,.680,5.4,,.960,.440,.320,.200,.000,.040,,.708,.818,.875,.200,,.000,,.824,,,.200,5,,.000,,,0,0,boldema01
54,Devin Booker,PG,27,PHO,68,2447,.492,15.4,,.680,.140,.158,.231,.151,.320,,.552,.760,.447,.551,.472,.364,,.373,.612,,.013,14,,.074,.452,,0,0,bookede01
55,Brandon Boston Jr.,SF,22,LAC,32,345,.404,13.9,,.677,.205,.168,.211,.093,.323,,.468,.636,.296,.500,.333,.269,,.588,.786,,.068,11,,.250,.385,,0,0,bostobr01
56,Chris Boucher,PF,31,TOR,50,705,.507,12.4,,.567,.373,.166,.009,.018,.433,,.642,.765,.417,.500,.250,.330,,.595,1.000,,.092,18,,.415,.256,,0,0,bouchch01
57,James Bouknight,SG,23,CHO,14,81,.439,20.2,,.268,.171,.049,.024,.024,.732,,.455,.714,.000,.000,.000,.433,,.400,.538,,.024,1,,.233,.286,,0,0,bouknja01
58,Jamaree Bouyea,PG,24,TOT,9,95,.357,13.6,,.679,.286,.321,.036,.036,.321,,.474,.625,.222,1.000,1.000,.111,,.444,1.000,,.000,0,,.000,,,1,0,bouyeja01
59,Malaki Branham,PG,20,SAS,75,1594,.432,15.1,,.573,.186,.189,.134,.064,.427,,.494,.744,.328,.500,.250,.347,,.657,.968,,.019,12,,.272,.384,,0,0,branhma01
60,Christian Braun,SG,22,DEN,82,1655,.460,11.4,,.660,.342,.263,.025,.031,.340,,.498,.667,.339,.083,.333,.384,,.692,.937,,.068,30,,.341,.304,,1,0,braunch01
61,Mikal Bridges,SF,27,BRK,82,2854,.436,15.9,,.543,.165,.163,.158,.056,.457,,.490,.668,.398,.468,.292,.372,,.494,.882,,.016,20,,.338,.405,,5,1,bridgmi01
62,Miles Bridges,SF,25,CHO,69,2581,.462,13.6,,.628,.283,.207,.058,.081,.372,,.529,.696,.424,.343,.347,.349,,.555,.879,,.058,66,,.196,.341,,7,0,bridgmi02
63,Oshae Brissett,SF,25,BOS,55,630,.444,11.4,,.641,.340,.261,.013,.026,.359,,.541,.673,.400,.500,.250,.273,,.660,1.000,,.144,20,,.436,.333,,0,0,brissos01
64,Izaiah Brockington,PG,24,NOP,1,3,.400,10.5,,.800,.400,.200,.000,.200,.200,,.500,1.000,.000,,.000,.000,,.500,,,.200,1,,.000,,,0,0,brockiz01
65,Malcolm Brogdon,PG,31,POR,39,1121,.440,15.4,,.599,.206,.157,.117,.119,.401,,.458,.608,.385,.431,.322,.412,,.257,.756,,.002,0,,.121,.500,,0,0,brogdma01
66,Armoni Brooks,PG,25,BRK,10,104,.326,20.0,,.304,.109,.152,.022,.022,.696,,.286,.000,.571,.000,.000,.344,,.750,.909,,.000,0,,.063,.000,,0,0,brookar01
67,Dillon Brooks,SF,28,HOU,72,2227,.428,15.7,,.518,.173,.228,.083,.034,.482,,.492,.707,.360,.422,.462,.359,,.587,.962,,.021,14,,.154,.421,,2,0,brookdi01
68,Bruce Brown,PG-SG,27,TOT,67,1866,.478,11.7,,.718,.244,.285,.148,.041,.282,,.538,.718,.440,.477,.375,.323,,.618,.925,,.021,12,,.390,.344,,1,0,brownbr01
69,Charlie Brown Jr.,SG,26,NYK,8,37,.200,19.0,,.300,.100,.200,.000,.000,.700,,.000,.000,.000,,,.286,,,1.000,,.000,0,,.286,.500,,0,0,brownch02
70,Greg Brown III,PF,22,DAL,6,40,.455,8.5,,.727,.636,.091,.000,.000,.273,,.500,.571,.000,,,.333,,.750,1.000,,.273,2,,.000,,,0,0,browngr01
71,Jaylen Brown,SF,27,BOS,70,2343,.499,13.0,,.674,.247,.237,.119,.070,.326,,.570,.723,.487,.520,.398,.354,,.429,.634,,.075,76,,.205,.381,,0,0,brownja02
72,Kendall Brown,SG,20,IND,15,63,.533,7.0,,.867,.400,.333,.133,.000,.133,,.615,.667,.800,.000,,.000,,.750,,,.200,3,,.500,.000,,0,0,brownke03
73,Kobe Brown,PF,24,LAC,44,394,.411,15.5,,.467,.289,.111,.056,.011,.533,,.548,.654,.400,.200,1.000,.292,,.652,1.000,,.078,7,,.292,.214,,0,0,brownko01
74,Moses Brown,C,24,POR,22,200,.508,3.3,,1.000,.492,.462,.031,.015,.000,,.508,.656,.400,.000,.000,,,.697,,,.262,15,,,,,0,0,brownmo01
75,Troy Brown Jr.,SF,24,TOT,59,827,.372,18.8,,.376,.128,.142,.031,.075,.624,,.435,.586,.250,.429,.529,.333,,.459,.915,,.018,3,,.312,.295,,2,0,browntr01
76,Jalen Brunson,PG,27,NYK,77,2726,.479,14.3,,.681,.127,.275,.189,.090,.319,,.516,.636,.519,.474,.426,.401,,.230,.583,,.002,3,,.131,.464,,1,0,brunsja01
77,Thomas Bryant,C,26,MIA,38,441,.577,7.5,,.852,.430,.315,.060,.047,.148,,.646,.766,.596,.444,.143,.182,,.695,1.000,,.248,34,,.273,.333,,0,0,bryanth01
78,Kobe Bufkin,SG,20,ATL,17,196,.370,17.5,,.565,.098,.141,.163,.163,.435,,.481,.556,.462,.467,.467,.225,,.320,.667,,.000,0,,.250,.100,,0,0,bufkiko01
79,Reggie Bullock,SF,32,HOU,44,417,.415,22.1,,.183,.049,.037,.049,.049,.817,,.467,1.000,.333,.250,.250,.403,,1.000,.963,,.000,0,,.433,.552,,0,0,bullore01
80,Alec Burks,SG,32,TOT,66,1212,.369,18.6,,.420,.086,.132,.125,.077,.580,,.360,.469,.307,.380,.295,.376,,.500,.782,,.000,0,,.282,.366,,0,0,burksal01
81,Jared Butler,SG,23,WAS,40,566,.488,13.9,,.612,.214,.328,.050,.020,.388,,.602,.860,.424,.700,.500,.308,,.365,.667,,.010,2,,.154,.500,,3,0,butleja02
82,Jimmy Butler,PF,34,MIA,60,2042,.499,9.7,,.817,.267,.356,.139,.055,.183,,.519,.679,.465,.391,.409,.414,,.452,.800,,.057,41,,.483,.443,,0,0,butleji01
83,Jamal Cain,PF,24,MIA,26,259,.430,13.2,,.608,.215,.253,.101,.038,.392,,.479,.647,.350,.375,.667,.355,,.652,.727,,.076,5,,.581,.278,,0,0,cainja01
84,Kentavious Caldwell-Pope,SG,30,DEN,76,2402,.460,17.2,,.475,.177,.085,.089,.124,.525,,.520,.615,.440,.423,.507,.406,,.745,.944,,.020,12,,.373,.426,,0,0,caldwke01
85,Toumani Camara,PF,23,POR,70,1739,.450,11.6,,.607,.352,.224,.023,.009,.393,,.523,.643,.367,.300,.250,.337,,.504,1.000,,.068,24,,.448,.351,,0,0,camarto01
86,Clint Capela,C,29,ATL,73,1883,.571,2.5,,.998,.693,.291,.011,.003,.002,,.572,.636,.433,.429,.000,.000,,.680,,,.252,144,,.000,,,1,0,capelca01
87,Jevon Carter,PG,28,CHI,72,1004,.378,20.4,,.359,.041,.088,.134,.096,.641,,.466,.333,.438,.469,.543,.329,,.689,.870,,.000,0,,.252,.390,,1,0,carteje01
88,Wendell Carter Jr.,C,24,ORL,55,1406,.525,12.6,,.598,.332,.191,.059,.016,.402,,.626,.809,.395,.440,.286,.374,,.736,.984,,.186,71,,.415,.338,,0,0,cartewe01
89,D.J. Carton,SG,23,TOR,4,36,.375,14.4,,.500,.250,.250,.000,.000,.500,,.500,.500,.500,,,.250,,.500,1.000,,.000,0,,.750,.333,,0,0,cartodj01
90,Alex Caruso,SG,29,CHI,71,2040,.468,17.1,,.384,.216,.115,.022,.031,.616,,.563,.675,.387,.667,.353,.408,,.436,.890,,.031,15,,.363,.397,,0,0,carusal01
91,Colin Castleton,C,23,LAL,16,59,.563,3.6,,1.000,.500,.438,.063,.000,.000,,.563,.625,.429,1.000,,,,.667,,,.188,3,,,,,0,0,castlco01
92,Malcolm Cazalon,SG,22,DET,1,3,,,,,,,,,,,,,,,,,,,,,,0,,,,,0,0,cazalma01
93,Julian Champagnie,SF,22,SAS,74,1468,.408,18.4,,.311,.194,.090,.012,.015,.689,,.504,.641,.306,.000,.333,.365,,.857,.980,,.067,19,,.329,.363,,0,0,champju02
94,Justin Champagnie,SF,22,WAS,15,235,.410,16.0,,.423,.295,.115,.000,.013,.577,,.576,.739,.222,,.000,.289,,.737,1.000,,.038,3,,.444,.250,,1,1,champju01
95,Max Christie,SG,20,LAL,67,944,.427,16.3,,.510,.166,.158,.124,.062,.490,,.496,.600,.342,.533,.533,.356,,.639,.976,,.075,16,,.415,.449,,1,0,chrisma02
96,Sidy Cissoko,SF,19,SAS,12,141,.485,10.4,,.636,.424,.212,.000,.000,.364,,.714,.857,.429,,,.083,,.800,1.000,,.333,10,,.500,.167,,0,0,cissosi01
97,Brandon Clarke,PF,27,MEM,6,134,.559,9.2,,.898,.254,.373,.186,.085,.102,,.604,.600,.682,.545,.400,.167,,.781,1.000,,.034,2,,.667,.250,,0,0,clarkbr01
98,Jordan Clarkson,SG,31,UTA,55,1682,.413,14.9,,.621,.113,.339,.125,.044,.379,,.485,.598,.473,.412,.500,.294,,.370,.703,,.017,13,,.133,.415,,8,0,clarkjo01
99,Nic Claxton,C,24,BRK,71,2116,.629,3.6,,.991,.596,.337,.050,.009,.009,,.633,.769,.434,.345,.600,.200,,.729,1.000,,.328,172,,.800,.250,,0,0,claxtni01
100,Noah Clowney,PF,19,BRK,23,370,.538,10.5,,.645,.419,.215,.011,.000,.355,,.633,.795,.300,1.000,,.364,,.763,1.000,,.118,11,,.606,.450,,0,0,clownno01
101,Amir Coffey,SF,26,LAC,70,1460,.472,16.6,,.477,.151,.159,.128,.040,.523,,.571,.774,.500,.489,.357,.380,,.771,.971,,.023,7,,.500,.424,,3,0,coffeam01
102,John Collins,PF,26,UTA,68,1901,.532,11.0,,.689,.303,.304,.043,.039,.311,,.605,.783,.493,.438,.276,.371,,.730,.988,,.150,106,,.431,.370,,0,0,collijo01
103,Zach Collins,C,26,SAS,69,1526,.484,11.5,,.706,.266,.313,.088,.039,.294,,.552,.726,.472,.463,.208,.320,,.713,1.000,,.042,25,,.099,.333,,0,0,colliza01
104,Mike Conley,PG,36,MIN,76,2193,.457,18.8,,.371,.084,.161,.090,.036,.629,,.481,.648,.490,.362,.348,.442,,.461,.804,,.000,0,,.225,.484,,0,0,conlemi01
105,Pat Connaughton,SF,31,MIL,76,1676,.435,18.2,,.314,.205,.104,.003,.003,.686,,.633,.789,.333,.000,1.000,.345,,.667,.963,,.017,3,,.403,.406,,0,0,connapa01
106,Bilal Coulibaly,SF,19,WAS,63,1715,.435,13.2,,.572,.313,.188,.035,.037,.428,,.502,.667,.346,.133,.250,.346,,.621,.953,,.134,51,,.481,.393,,0,0,coulibi01
107,Ricky Council IV,SG,22,PHI,32,289,.482,10.6,,.714,.321,.330,.036,.027,.286,,.525,.639,.405,.500,.667,.375,,.667,1.000,,.080,8,,.313,.400,,0,0,councri01
108,Robert Covington,SF-PF,33,TOT,29,488,.439,16.4,,.429,.245,.143,.031,.010,.571,,.571,.625,.571,.333,.000,.339,,.750,1.000,,.031,3,,.268,.467,,0,0,covinro01
109,Torrey Craig,SF,33,CHI,53,1049,.430,16.8,,.390,.219,.124,.020,.028,.610,,.490,.582,.419,.200,.286,.392,,.583,.967,,.020,3,,.451,.362,,0,0,craigto01
110,Jae Crowder,PF,33,MIL,50,1156,.422,18.6,,.385,.104,.148,.059,.074,.615,,.538,.714,.475,.500,.450,.349,,.893,.966,,.000,0,,.452,.400,,1,0,crowdja01
111,Jalen Crutcher,PG,24,NOP,1,3,.000,4.5,,1.000,.000,1.000,.000,.000,.000,,.000,,.000,,,,,,,,.000,0,,,,,0,0,crutcja01
112,Cade Cunningham,PG,22,DET,62,2074,.449,13.5,,.713,.177,.275,.154,.106,.287,,.487,.618,.402,.528,.427,.355,,.262,.706,,.022,23,,.116,.359,,5,0,cunnica01
113,Seth Curry,SG,33,TOT,44,616,.392,19.6,,.471,.059,.103,.074,.235,.529,,.438,.833,.524,.133,.396,.352,,.500,.868,,.000,0,,.324,.457,,1,0,curryse01
114,Stephen Curry,PG,35,GSW,74,2421,.450,19.8,,.394,.074,.173,.065,.082,.606,,.515,.692,.508,.426,.441,.408,,.399,.611,,.000,0,,.080,.557,,2,0,curryst01
115,Dyson Daniels,PG,20,NOP,61,1358,.447,14.2,,.566,.238,.232,.090,.006,.434,,.551,.635,.528,.393,.500,.311,,.526,1.000,,.055,13,,.363,.408,,4,0,daniedy01
116,Anthony Davis,C,30,LAL,76,2700,.556,8.0,,.917,.369,.309,.150,.090,.083,,.582,.774,.487,.432,.365,.271,,.670,.966,,.162,196,,.150,.125,,0,0,davisan02
117,Johnny Davis,SG,21,WAS,50,613,.403,11.0,,.740,.292,.273,.130,.045,.260,,.421,.644,.333,.250,.000,.350,,.604,1.000,,.045,7,,.450,.389,,1,0,davisjo06
118,JD Davison,SG,21,BOS,8,39,.417,19.2,,.417,.083,.167,.000,.167,.583,,.400,1.000,.000,,.500,.429,,1.000,1.000,,.000,0,,.143,.000,,0,0,davisjd01
119,Dexter Dennis,SG,24,DAL,4,30,.526,14.3,,.579,.316,.053,.105,.105,.421,,.818,1.000,1.000,.500,.500,.125,,.444,1.000,,.053,1,,.000,,,0,0,dennide01
120,DeMar DeRozan,SF,34,CHI,79,2989,.480,13.2,,.834,.182,.172,.250,.230,.166,,.509,.684,.494,.490,.402,.333,,.282,.853,,.019,18,,.316,.394,,1,0,derozde01
121,Moussa Diabaté,C,22,LAC,11,64,.526,3.2,,1.000,.579,.368,.053,.000,.000,,.526,.727,.286,.000,,,,.500,,,.316,4,,,,,0,0,diabamo01
122,Mamadi Diakite,PF,27,TOT,6,24,.667,7.8,,.833,.500,.333,.000,.000,.167,,.800,.667,1.000,,,.000,,1.000,,,.167,1,,.000,,,0,0,diakima01
123,Hamidou Diallo,SG,25,WAS,2,5,.500,0.1,,1.000,1.000,.000,.000,.000,.000,,.500,.500,,,,,,.000,,,.000,0,,,,,0,0,diallha01
124,Gradey Dick,SG,20,TOR,60,1268,.425,17.2,,.458,.180,.130,.072,.076,.542,,.495,.638,.431,.344,.412,.365,,.842,.977,,.034,13,,.378,.462,,3,0,dickgr01
125,Ousmane Dieng,PF,20,OKC,33,365,.422,17.5,,.397,.190,.129,.043,.034,.603,,.609,.818,.333,.400,.750,.300,,.857,1.000,,.112,13,,.314,.500,,0,0,diengou01
126,Spencer Dinwiddie,PG,30,TOT,76,2152,.392,17.4,,.425,.127,.213,.063,.023,.575,,.467,.642,.426,.325,.267,.337,,.157,.782,,.017,8,,.250,.511,,2,0,dinwisp01
127,Donte DiVincenzo,SG,27,NYK,81,2360,.443,19.2,,.298,.178,.081,.027,.012,.702,,.542,.603,.407,.556,.500,.401,,.636,.919,,.025,20,,.251,.446,,3,1,divindo01
128,Luka Dončić,PG,24,DAL,70,2624,.487,16.9,,.550,.123,.192,.152,.082,.450,,.573,.838,.569,.442,.422,.382,,.177,.299,,.001,2,,.032,.250,,5,0,doncilu01
129,Luguentz Dort,SF,24,OKC,79,2246,.438,17.4,,.397,.212,.096,.050,.040,.603,,.506,.612,.397,.424,.308,.394,,.636,.994,,.041,23,,.278,.409,,0,0,dortlu01
130,Ayo Dosunmu,SG,24,CHI,76,2212,.501,13.0,,.590,.334,.164,.050,.042,.410,,.568,.654,.466,.361,.533,.403,,.548,.891,,.019,13,,.485,.385,,1,0,dosunay01
131,Jeff Dowtin,PG,26,PHI,12,142,.556,15.5,,.472,.306,.083,.083,.000,.528,,.647,.818,.000,.667,,.474,,.455,.556,,.028,1,,.105,.500,,0,0,dowtije01
132,Henri Drell,SF,23,CHI,4,30,.400,16.5,,.400,.100,.300,.000,.000,.600,,.500,1.000,.333,,,.333,,.000,1.000,,.000,0,,.333,.500,,0,0,drellhe01
133,Andre Drummond,C,30,CHI,79,1351,.556,2.8,,.994,.713,.260,.021,.000,.006,,.560,.614,.416,.500,,.000,,.558,,,.160,65,,.000,,,3,0,drumman01
134,Chris Duarte,SF,26,SAC,59,719,.381,18.3,,.395,.152,.119,.067,.057,.605,,.434,.656,.360,.429,.000,.346,,.667,.886,,.024,4,,.346,.386,,1,0,duartch01
135,David Duke Jr.,SG,24,SAS,4,51,.556,12.6,,.667,.333,.167,.056,.111,.333,,.583,.833,.333,.000,.500,.500,,.714,1.000,,.000,0,,.333,.500,,0,0,dukeda01
136,Kris Dunn,PG,29,UTA,66,1249,.470,12.6,,.645,.163,.419,.058,.006,.355,,.525,.686,.481,.389,.500,.369,,.274,.951,,.054,17,,.351,.410,,1,0,dunnkr01
137,Kevin Durant,PF,35,PHO,75,2791,.523,15.0,,.717,.125,.153,.279,.160,.283,,.567,.827,.530,.491,.530,.413,,.511,.815,,.054,75,,.165,.463,,0,0,duranke01
138,Jalen Duren,C,20,DET,61,1777,.619,3.9,,.993,.521,.397,.055,.020,.007,,.623,.741,.536,.290,.182,.000,,.676,,,.296,156,,.000,,,0,0,durenja01
139,Tari Eason,PF,22,HOU,22,480,.466,9.9,,.735,.434,.185,.069,.048,.265,,.504,.561,.371,.462,.556,.360,,.471,1.000,,.122,20,,.300,.267,,0,0,easonta01
140,Anthony Edwards,SG,22,MIN,79,2770,.461,14.1,,.659,.228,.192,.125,.114,.341,,.515,.707,.438,.446,.333,.357,,.331,.558,,.051,67,,.086,.348,,5,0,edwaran01
141,Kessler Edwards,SF,23,SAC,54,275,.415,18.3,,.366,.171,.122,.012,.061,.634,,.467,.643,.300,.000,.400,.385,,.643,1.000,,.037,2,,.423,.409,,0,0,edwarke02
142,Keon Ellis,SG,24,SAC,57,978,.461,20.5,,.276,.103,.095,.034,.043,.724,,.578,.667,.591,.625,.300,.417,,.649,.943,,.030,7,,.298,.360,,1,0,elliske01
143,Joel Embiid,C,29,PHI,39,1309,.529,12.3,,.837,.224,.189,.243,.180,.163,,.556,.749,.472,.473,.516,.388,,.533,.833,,.026,19,,.050,.571,,2,0,embiijo01
144,Drew Eubanks,C,26,PHO,75,1169,.601,4.3,,.988,.506,.403,.055,.024,.012,,.596,.742,.490,.286,.000,1.000,,.805,1.000,,.336,66,,1.000,1.000,,0,0,eubandr01
145,Tosan Evbuomwan,SF,22,TOT,17,367,.507,12.7,,.549,.254,.296,.000,.000,.451,,.615,.722,.524,,,.375,,.833,1.000,,.014,1,,.719,.435,,0,0,evbuoto01
146,Dante Exum,PG,28,DAL,55,1088,.533,11.9,,.642,.328,.238,.053,.023,.358,,.557,.697,.375,.688,.143,.491,,.528,.981,,.056,14,,.426,.457,,2,0,exumda01
147,Bruno Fernando,C,25,ATL,45,682,.583,3.7,,.979,.567,.369,.037,.005,.021,,.596,.755,.391,.286,.000,.000,,.817,,,.219,38,,.000,,,0,0,fernabr01
148,Dorian Finney-Smith,PF,30,BRK,68,1934,.421,17.6,,.342,.225,.096,.012,.010,.658,,.560,.687,.306,.667,.000,.348,,.745,.974,,.057,24,,.348,.350,,2,0,finnedo01
149,Adam Flagler,SG,24,OKC,2,14,.143,24.2,,.143,.000,.000,.143,.000,.857,,.000,,,.000,,.167,,,.000,,.000,0,,.000,,,0,0,flaglad01
150,Malachi Flynn,PG,25,TOT,69,876,.418,17.0,,.480,.163,.151,.098,.068,.520,,.513,.623,.408,.469,.545,.331,,.275,.714,,.000,0,,.148,.440,,0,0,flynnma01
151,Simone Fontecchio,SF,28,TOT,66,1644,.460,17.0,,.391,.170,.177,.033,.011,.609,,.551,.656,.474,.389,.667,.401,,.729,.978,,.049,21,,.434,.428,,0,0,fontesi01
152,Jordan Ford,PG,25,SAC,6,22,.571,18.2,,.571,.143,.000,.286,.143,.429,,.500,1.000,,.500,.000,.667,,.000,.500,,.000,0,,.333,1.000,,0,0,fordjo01
153,Trent Forrest,SG,25,ATL,38,414,.378,8.4,,.889,.244,.467,.178,.000,.111,,.400,.591,.238,.563,,.200,,.281,1.000,,.011,1,,.400,.000,,0,0,forretr01
154,Evan Fournier,SG,31,TOT,32,580,.357,18.9,,.412,.072,.158,.104,.077,.588,,.505,.563,.486,.652,.294,.254,,.609,.848,,.000,0,,.300,.231,,0,0,fournev01
155,De'Aaron Fox,PG,26,SAC,74,2659,.465,15.0,,.626,.134,.248,.172,.072,.374,,.522,.720,.534,.423,.351,.369,,.198,.626,,.017,24,,.134,.436,,1,0,foxde01
156,Javon Freeman-Liberty,PG,24,TOR,22,403,.444,12.2,,.661,.306,.234,.089,.032,.339,,.549,.579,.448,.727,.500,.238,,.467,1.000,,.032,3,,.262,.364,,0,0,freemja01
157,Alex Fudge,SF,20,TOT,6,40,.400,12.0,,.667,.333,.200,.067,.067,.333,,.500,.600,.333,1.000,.000,.200,,.400,1.000,,.200,2,,.600,.333,,0,0,fudgeal01
158,Markelle Fultz,PG,25,ORL,43,910,.472,7.4,,.945,.353,.353,.187,.052,.055,,.487,.626,.435,.361,.353,.222,,.420,1.000,,.043,11,,.722,.231,,1,0,fultzma01
159,Andrew Funk,SG,24,CHI,5,13,.000,19.0,,.250,.000,.250,.000,.000,.750,,.000,,.000,,,.000,,,,,.000,0,,.667,.000,,0,0,funkan01
160,Wenyen Gabriel,PF,26,MEM,5,81,.364,8.6,,.727,.545,.091,.091,.000,.273,,.438,.500,.500,.000,,.167,,.714,1.000,,.136,2,,.500,.333,,0,0,gabriwe01
161,Daniel Gafford,C-PF,25,TOT,74,1815,.725,2.8,,1.000,.667,.302,.027,.004,.000,,.725,.813,.566,.385,.500,,,.761,,,.392,177,,,,,0,0,gaffoda01
162,Danilo Gallinari,PF-SF,35,TOT,49,630,.437,17.8,,.511,.142,.116,.153,.100,.489,,.546,.852,.409,.517,.316,.323,,.528,.867,,.053,8,,.097,.556,,0,0,gallida01
163,Darius Garland,PG,24,CLE,57,1901,.446,15.7,,.577,.170,.214,.115,.077,.423,,.501,.643,.406,.505,.446,.371,,.346,.652,,.000,0,,.140,.440,,0,0,garlada01
164,Usman Garuba,PF,21,GSW,6,18,.167,7.2,,.833,.333,.500,.000,.000,.167,,.200,.500,.000,,,.000,,.000,,,.000,0,,.000,,,0,0,garubus01
165,Luka Garza,C,25,MIN,25,122,.480,13.6,,.573,.187,.347,.040,.000,.427,,.628,.714,.538,1.000,,.281,,.556,1.000,,.027,2,,.031,.000,,0,0,garzalu01
166,Kaiser Gates,SF,27,NOP,1,7,.000,13.7,,.500,.500,.000,.000,.000,.500,,.000,.000,,,,.000,,,,,.000,0,,.000,,,0,0,gateska01
167,Keyonte George,PG,20,UTA,75,2023,.391,17.9,,.460,.075,.228,.104,.053,.540,,.459,.689,.425,.447,.302,.334,,.366,.701,,.015,12,,.127,.357,,3,0,georgke01
168,Paul George,PF,33,LAC,74,2502,.471,17.7,,.524,.128,.125,.122,.150,.476,,.523,.703,.448,.523,.432,.413,,.448,.733,,.032,29,,.138,.457,,1,0,georgpa01
169,Taj Gibson,PF,38,TOT,20,204,.405,10.6,,.730,.351,.216,.081,.081,.270,,.481,.462,.250,1.000,.667,.200,,.615,1.000,,.054,1,,.800,.125,,0,0,gibsota01
170,Josh Giddey,SG,21,OKC,80,2011,.475,10.9,,.713,.283,.336,.064,.030,.287,,.530,.671,.425,.519,.400,.337,,.522,.963,,.006,4,,.370,.367,,0,0,giddejo01
171,Harry Giles,C,25,TOT,23,100,.460,10.5,,.720,.360,.260,.060,.040,.280,,.556,.667,.462,.333,.500,.214,,.700,1.000,,.120,5,,.357,.200,,0,0,gilesha01
172,Shai Gilgeous-Alexander,PG,25,OKC,75,2553,.535,11.3,,.819,.252,.224,.260,.083,.181,,.576,.731,.492,.530,.472,.353,,.223,.368,,.027,37,,.059,.500,,0,0,gilgesh01
173,Anthony Gill,PF,31,WAS,50,466,.469,9.5,,.744,.356,.338,.044,.006,.256,,.546,.667,.426,.429,1.000,.244,,.692,1.000,,.038,5,,.293,.083,,0,0,gillan01
174,Collin Gillespie,PG,24,DEN,24,225,.464,17.9,,.449,.188,.130,.029,.101,.551,,.548,.538,.556,1.000,.429,.395,,.353,.933,,.014,1,,.105,.500,,0,0,gilleco01
175,Jacob Gilyard,PG,25,TOT,41,699,.400,23.8,,.160,.027,.040,.013,.080,.840,,.375,.250,.500,.000,.417,.405,,.111,.824,,.000,0,,.238,.500,,2,0,gilyaja01
176,Rudy Gobert,C,31,MIN,76,2593,.661,2.7,,.995,.757,.195,.029,.013,.005,,.664,.755,.400,.222,.375,.000,,.685,,,.441,248,,.000,,,1,0,goberru01
177,Jordan Goodwin,PG,25,TOT,57,1055,.369,14.0,,.631,.215,.204,.136,.076,.369,,.411,.561,.308,.365,.345,.298,,.293,.857,,.008,1,,.248,.343,,0,0,goodwjo01
178,Aaron Gordon,PF,28,DEN,73,2297,.556,7.4,,.807,.554,.183,.053,.017,.193,,.619,.738,.382,.263,.417,.290,,.642,.850,,.256,171,,.391,.352,,1,0,gordoaa01
179,Eric Gordon,SG,35,PHO,68,1893,.443,18.4,,.358,.175,.149,.026,.008,.642,,.561,.731,.391,.500,.200,.378,,.653,.933,,.002,1,,.202,.413,,1,0,gordoer01
180,Devonte' Graham,PG,28,SAS,23,313,.352,21.9,,.231,.083,.037,.074,.037,.769,,.520,.667,.500,.375,.500,.301,,.385,.720,,.000,0,,.145,.250,,1,0,grahade01
181,Jerami Grant,PF,29,POR,54,1830,.451,13.2,,.675,.214,.255,.096,.109,.325,,.474,.599,.406,.415,.441,.402,,.445,.973,,.028,18,,.333,.467,,0,0,grantje01
182,RaiQuan Gray,PF,24,SAS,3,39,.588,12.8,,.588,.235,.353,.000,.000,.412,,.700,.750,.667,,,.429,,.571,1.000,,.059,1,,.143,.000,,0,0,grayra01
183,A.J. Green,SG,24,MIL,56,614,.423,24.1,,.138,.026,.020,.031,.061,.862,,.519,1.000,.250,.333,.500,.408,,.857,.942,,.000,0,,.225,.447,,0,0,greenaj01
184,Danny Green,SG,36,PHI,2,18,.000,22.5,,.500,.000,.000,.000,.500,.500,,.000,,,,.000,.000,,,,,.000,0,,1.000,.000,,0,0,greenda02
185,Draymond Green,PF,33,GSW,55,1490,.497,11.6,,.653,.293,.296,.056,.008,.347,,.551,.670,.500,.143,1.000,.395,,.769,.941,,.022,7,,.310,.425,,0,0,greendr01
186,Jalen Green,SG,21,HOU,82,2601,.423,15.8,,.546,.217,.166,.064,.099,.454,,.498,.692,.344,.353,.424,.332,,.340,.552,,.042,48,,.089,.370,,3,0,greenja05
187,Javonte Green,SF,30,CHI,9,230,.600,10.2,,.640,.493,.133,.013,.000,.360,,.729,.730,.700,1.000,,.370,,.686,1.000,,.173,11,,.630,.353,,0,0,greenja02
188,Jeff Green,PF,37,HOU,78,1307,.456,14.5,,.563,.199,.260,.077,.027,.437,,.553,.767,.453,.500,.100,.331,,.737,.943,,.068,20,,.450,.347,,4,0,greenje02
189,Josh Green,SG,23,DAL,57,1505,.479,14.5,,.500,.265,.158,.045,.032,.500,,.572,.768,.339,.294,.500,.385,,.748,.958,,.091,31,,.626,.385,,0,0,greenjo02
190,AJ Griffin,SF,20,ATL,20,171,.290,19.5,,.371,.048,.194,.065,.065,.629,,.348,.667,.250,.500,.250,.256,,.750,.800,,.016,1,,.205,.250,,0,0,griffaj01
191,Quentin Grimes,SG,23,TOT,51,1025,.372,19.5,,.268,.168,.049,.018,.034,.732,,.466,.582,.375,.167,.182,.338,,.732,.963,,.021,4,,.317,.355,,0,0,grimequ01
192,Mouhamadou Gueye,PF,25,TOR,11,120,.289,6.0,,.921,.395,.474,.026,.026,.079,,.314,.467,.222,.000,.000,.000,,.727,,,.211,6,,.000,,,0,0,gueyemo01
193,Mouhamed Gueye,PF,21,ATL,6,73,.348,11.6,,.609,.348,.217,.043,.000,.391,,.357,.500,.200,.000,,.333,,1.000,1.000,,.174,3,,.444,.000,,0,0,gueyemo02
194,Rui Hachimura,PF,25,LAL,68,1826,.537,12.6,,.657,.296,.197,.090,.072,.343,,.597,.810,.398,.525,.367,.422,,.796,.990,,.127,77,,.457,.443,,0,0,hachiru01
195,Ashton Hagans,PG,24,POR,19,316,.408,11.8,,.648,.254,.338,.056,.000,.352,,.457,.778,.250,.250,,.320,,.429,1.000,,.000,0,,.120,.667,,0,0,haganas01
196,Tyrese Haliburton,PG,23,IND,69,2224,.477,17.6,,.490,.155,.171,.087,.077,.510,,.595,.660,.592,.560,.506,.364,,.315,.472,,.026,27,,.080,.326,,4,0,halibty01
197,R.J. Hampton,PG,22,MIA,8,76,.286,17.0,,.429,.143,.143,.143,.000,.571,,.500,.500,.500,.500,,.125,,.333,1.000,,.000,0,,.375,.000,,0,0,hamptrj01
198,Tim Hardaway Jr.,SF,31,DAL,79,2120,.402,19.7,,.388,.093,.087,.102,.106,.612,,.478,.725,.365,.450,.379,.353,,.685,.858,,.016,15,,.253,.391,,3,0,hardati02
199,James Harden,PG,34,LAC,72,2470,.428,18.5,,.406,.144,.137,.099,.027,.594,,.497,.703,.345,.457,.318,.381,,.157,.462,,.002,2,,.076,.378,,0,0,hardeja01
200,Jaden Hardy,SG,21,DAL,73,989,.407,16.4,,.532,.184,.134,.129,.086,.468,,.447,.568,.344,.435,.366,.362,,.404,.840,,.023,9,,.254,.351,,4,0,hardyja02
201,Ron Harper Jr.,PF,23,TOR,1,4,,,,,,,,,,,,,,,,,,,,,,0,,,,,0,0,harpero02
202,Gary Harris,SG,29,ORL,54,1297,.441,19.4,,.310,.118,.121,.037,.034,.690,,.598,.686,.556,.636,.400,.371,,.727,.974,,.020,4,,.429,.409,,1,0,harriga01
203,Joe Harris,SG,32,DET,16,170,.359,20.3,,.231,.103,.128,.000,.000,.769,,.444,.500,.400,,,.333,,1.000,1.000,,.000,0,,.467,.500,,0,0,harrijo01
204,Kevon Harris,SG,26,ORL,2,6,.667,11.5,,1.000,.333,.000,.333,.333,.000,,.667,1.000,,.000,1.000,,,.500,,,.000,0,,,,,0,0,harrike01
205,Tobias Harris,PF,31,PHI,70,2368,.487,11.9,,.729,.268,.251,.140,.069,.271,,.537,.686,.431,.511,.394,.353,,.444,.956,,.043,39,,.260,.403,,0,0,harrito02
206,Shaquille Harrison,SG,30,MEM,3,6,.500,1.1,,1.000,1.000,.000,.000,.000,.000,,.500,.500,,,,,,1.000,,,.000,0,,,,,0,0,harrish01
207,Josh Hart,SF,28,NYK,81,2707,.434,12.8,,.620,.321,.169,.100,.029,.380,,.511,.661,.339,.382,.300,.310,,.633,.888,,.016,10,,.240,.339,,1,0,hartjo01
208,Isaiah Hartenstein,C,25,NYK,75,1896,.644,3.5,,.992,.641,.260,.085,.005,.008,,.646,.709,.568,.387,1.000,.333,,.654,1.000,,.258,86,,.000,,,0,0,harteis01
209,Sam Hauser,SF,26,BOS,79,1741,.446,22.7,,.167,.072,.048,.027,.020,.833,,.559,.675,.407,.467,.636,.424,,.731,.975,,.016,9,,.241,.518,,2,0,hausesa01
210,Jordan Hawkins,SG,21,NOP,67,1160,.382,20.3,,.346,.083,.081,.075,.107,.654,,.411,.526,.351,.353,.408,.366,,.738,.991,,.024,7,,.245,.466,,2,0,hawkijo01
211,Jaxson Hayes,C,23,LAL,70,877,.720,4.0,,.954,.680,.263,.000,.011,.046,,.754,.857,.500,,.500,.000,,.849,,,.469,75,,.125,.000,,1,0,hayesja02
212,Killian Hayes,PG,22,DET,42,1008,.413,14.7,,.739,.060,.226,.343,.110,.261,,.455,.706,.469,.423,.387,.297,,.484,.864,,.018,5,,.284,.381,,0,0,hayeski01
213,Gordon Hayward,SF,33,TOT,51,1245,.464,12.2,,.777,.236,.238,.176,.127,.223,,.479,.674,.406,.451,.294,.411,,.607,.946,,.052,19,,.311,.429,,0,0,haywago01
214,Scoot Henderson,PG,19,POR,62,1765,.385,14.0,,.664,.237,.177,.167,.083,.336,,.416,.503,.312,.451,.318,.325,,.277,.598,,.024,14,,.123,.333,,4,0,hendesc01
215,Taylor Hendricks,PF,20,UTA,40,856,.450,16.5,,.417,.158,.196,.038,.025,.583,,.550,.737,.447,.667,.000,.379,,.545,1.000,,.092,20,,.514,.458,,0,0,hendrita01
216,Tyler Herro,SG,24,MIA,42,1407,.441,17.0,,.547,.086,.197,.166,.098,.453,,.478,.587,.490,.467,.375,.396,,.417,.811,,.008,4,,.120,.475,,1,0,herroty01
217,Buddy Hield,SF-SG,31,TOT,84,2160,.436,19.2,,.332,.161,.098,.031,.042,.668,,.539,.657,.446,.346,.444,.386,,.671,.918,,.008,6,,.178,.436,,0,0,hieldbu01
218,Haywood Highsmith,PF,27,MIA,66,1366,.465,16.6,,.416,.191,.179,.027,.018,.584,,.562,.667,.475,.667,.167,.396,,.636,.987,,.055,16,,.417,.438,,0,0,highsha01
219,Nate Hinton,SG,24,HOU,15,75,.423,16.0,,.462,.269,.115,.000,.077,.538,,.333,.429,.333,,.000,.500,,.250,.714,,.000,0,,.143,.000,,0,0,hintona01
220,D'Moi Hodge,SG,25,LAL,7,41,.333,21.8,,.200,.133,.000,.000,.067,.800,,.667,.500,,,1.000,.250,,1.000,1.000,,.000,0,,.250,.333,,0,0,hodgedm01
221,Aaron Holiday,PG,27,HOU,78,1269,.446,17.3,,.480,.122,.170,.139,.048,.520,,.510,.647,.437,.534,.350,.387,,.255,.810,,.005,2,,.212,.478,,1,0,holidaa01
222,Jrue Holiday,PG,33,BOS,69,2263,.480,15.7,,.533,.163,.219,.099,.052,.467,,.526,.688,.490,.397,.417,.429,,.461,.754,,.010,5,,.261,.619,,1,0,holidjr01
223,Justin Holiday,SG,34,DEN,58,862,.454,19.9,,.299,.134,.031,.021,.113,.701,,.569,.692,.333,.750,.455,.404,,.788,.964,,.057,10,,.485,.500,,0,0,holidju01
224,Richaun Holmes,C-PF,30,TOT,40,555,.558,3.9,,.980,.578,.361,.041,.000,.020,,.563,.694,.396,.167,,.333,,.716,1.000,,.204,28,,.667,.500,,0,0,holmeri01
225,Chet Holmgren,C,21,OKC,82,2413,.530,12.8,,.634,.296,.208,.093,.037,.366,,.623,.770,.535,.461,.343,.370,,.652,.977,,.156,137,,.106,.324,,2,0,holmgch01
226,Jalen Hood-Schifino,SG,20,LAL,21,109,.222,16.1,,.667,.111,.222,.089,.244,.333,,.267,.600,.100,.250,.273,.133,,.625,1.000,,.022,1,,.067,.000,,0,0,hoodsja01
227,Al Horford,C,37,BOS,65,1740,.511,17.2,,.384,.184,.155,.024,.021,.616,,.658,.818,.523,.600,.333,.419,,.726,1.000,,.045,18,,.384,.424,,0,0,horfoal01
228,Talen Horton-Tucker,PG,23,UTA,51,1009,.396,13.8,,.609,.187,.312,.082,.028,.391,,.438,.621,.407,.237,.154,.330,,.242,.800,,.037,12,,.203,.351,,2,0,hortota01
229,Danuel House Jr.,SF,30,PHI,34,509,.448,14.5,,.524,.343,.124,.019,.038,.476,,.582,.694,.308,1.000,.250,.300,,.719,.933,,.038,4,,.480,.375,,2,0,houseda01
230,Caleb Houstan,SF,21,ORL,59,815,.388,23.9,,.063,.019,.019,.015,.010,.937,,.615,.500,.750,1.000,.000,.373,,.500,.986,,.000,0,,.378,.397,,0,0,houstca01
231,Jett Howard,SF,20,ORL,18,67,.333,23.7,,.167,.033,.067,.033,.033,.833,,.600,.000,1.000,1.000,.000,.280,,1.000,.714,,.000,0,,.080,.000,,0,0,howarje01
232,Kevin Huerter,SG,25,SAC,64,1562,.443,18.2,,.391,.146,.152,.075,.018,.609,,.571,.732,.553,.381,.200,.361,,.808,.951,,.020,9,,.173,.424,,0,0,huertke01
233,Jay Huff,C,25,DEN,20,49,.600,16.8,,.400,.267,.133,.000,.000,.600,,1.000,1.000,1.000,,,.333,,1.000,1.000,,.067,1,,.000,,,0,0,huffja01
234,De'Andre Hunter,SF,26,ATL,57,1681,.459,16.1,,.541,.166,.149,.137,.089,.459,,.521,.682,.485,.429,.424,.385,,.674,.906,,.027,13,,.322,.398,,0,0,huntede01
235,Matthew Hurt,PF,23,MEM,8,113,.353,19.5,,.412,.088,.118,.029,.176,.588,,.500,.667,.500,.000,.500,.250,,.571,1.000,,.000,0,,.250,.400,,0,0,hurtma01
236,Bones Hyland,PG,23,LAC,37,540,.386,17.5,,.462,.135,.203,.084,.040,.538,,.457,.647,.412,.333,.300,.326,,.302,.500,,.008,2,,.126,.353,,1,0,hylanbo01
237,Joe Ingles,SF,36,ORL,68,1169,.436,19.9,,.291,.079,.198,.009,.004,.709,,.439,.778,.311,.000,1.000,.435,,.448,.929,,.000,0,,.199,.469,,2,0,inglejo01
238,Brandon Ingram,SF,26,NOP,64,2103,.492,14.4,,.762,.147,.155,.280,.179,.238,,.534,.753,.449,.512,.462,.355,,.415,.779,,.034,35,,.128,.355,,2,0,ingrabr01
239,Kyrie Irving,SG,31,DAL,58,2030,.497,15.1,,.628,.144,.226,.171,.087,.372,,.548,.675,.527,.518,.449,.411,,.375,.653,,.006,6,,.166,.514,,1,0,irvinky01
240,Jonathan Isaac,PF,26,ORL,58,914,.510,12.6,,.608,.395,.091,.056,.066,.392,,.598,.717,.385,.375,.368,.375,,.654,.976,,.203,52,,.491,.455,,1,0,isaacjo01
241,Jaden Ivey,SG,21,DET,77,2217,.429,13.8,,.621,.222,.249,.118,.032,.379,,.485,.657,.413,.339,.387,.336,,.423,.895,,.015,14,,.225,.337,,6,0,iveyja01
242,Andre Jackson Jr.,SG,22,MIL,57,572,.500,13.8,,.540,.270,.150,.100,.020,.460,,.611,.741,.267,.700,1.000,.370,,.515,1.000,,.160,16,,.630,.345,,0,0,jacksan01
243,GG Jackson II,PF,19,MEM,48,1233,.428,15.7,,.492,.263,.149,.039,.041,.508,,.502,.676,.333,.227,.261,.357,,.576,.863,,.076,38,,.224,.484,,1,0,jacksgg01
244,Isaiah Jackson,C,22,IND,59,771,.665,3.1,,.983,.670,.270,.030,.013,.017,,.677,.795,.397,.571,.667,.000,,.755,,,.352,72,,.500,.000,,0,0,jacksis01
245,Jaren Jackson Jr.,C,24,MEM,66,2124,.444,11.9,,.685,.221,.390,.066,.008,.315,,.501,.630,.439,.455,.333,.320,,.491,.932,,.034,34,,.150,.309,,8,0,jacksja02
246,Justin Jackson,SF,28,MIN,2,1,,,,,,,,,,,,,,,,,,,,,,0,,,,,0,0,jacksju01
247,Quenton Jackson,PG,25,IND,3,11,.000,2.3,,1.000,1.000,.000,.000,.000,.000,,.000,.000,,,,,,,,,.000,0,,,,,0,0,jacksqu01
248,Reggie Jackson,PG,33,DEN,82,1817,.431,14.6,,.624,.187,.247,.089,.102,.376,,.475,.610,.422,.433,.390,.359,,.402,.775,,.011,6,,.204,.397,,4,0,jacksre01
249,Trayce Jackson-Davis,PF,23,GSW,68,1130,.702,2.5,,.997,.648,.343,.006,.000,.003,,.704,.777,.561,1.000,,.000,,.751,,,.373,112,,.000,,,0,0,jackstr02
250,LeBron James,PF,39,LAL,71,2504,.540,11.6,,.714,.345,.217,.078,.073,.286,,.592,.772,.482,.313,.366,.410,,.435,.685,,.071,84,,.096,.457,,1,0,jamesle01
251,Jaime Jaquez Jr.,SF,22,MIA,75,2113,.489,10.9,,.710,.286,.337,.069,.019,.290,,.558,.668,.506,.438,.231,.322,,.533,.969,,.050,29,,.510,.320,,4,0,jaqueja01
252,DeJon Jarreau,SG,26,MEM,9,150,.340,12.5,,.740,.260,.280,.100,.100,.260,,.351,.538,.286,.400,.000,.308,,.077,1.000,,.040,2,,.154,.000,,0,0,jarrede01
253,DaQuan Jeffries,SG,26,NYK,17,46,.353,18.1,,.412,.059,.176,.176,.000,.588,,.571,1.000,.667,.333,,.200,,1.000,1.000,,.000,0,,.400,.250,,0,0,jeffrda01
254,Trey Jemison,C,24,TOT,25,573,.551,4.1,,1.000,.588,.279,.118,.015,.000,,.551,.663,.368,.500,.000,,,.560,,,.162,18,,,,,0,0,jemistr01
255,Ty Jerome,SG,26,CLE,2,15,.500,10.6,,.750,.250,.250,.250,.000,.250,,.667,.000,1.000,1.000,,.000,,.000,,,.000,0,,.000,,,0,0,jeromty01
256,Isaiah Joe,SG,24,OKC,78,1445,.458,21.3,,.272,.091,.041,.070,.070,.728,,.568,.773,.400,.500,.471,.416,,.760,.966,,.039,15,,.212,.413,,2,0,joeis01
257,Cameron Johnson,PF,27,BRK,58,1599,.446,17.5,,.430,.170,.126,.073,.061,.570,,.519,.724,.410,.378,.342,.391,,.601,.957,,.034,18,,.331,.462,,1,0,johnsca02
258,Jalen Johnson,SF,22,ATL,56,1889,.511,10.6,,.715,.342,.272,.083,.019,.285,,.574,.696,.471,.431,.462,.355,,.705,.972,,.150,98,,.285,.298,,1,0,johnsja05
259,James Johnson,PF,36,IND,9,47,.300,11.1,,.800,.200,.400,.200,.000,.200,,.375,1.000,.250,.000,,.000,,.333,,,.200,2,,.000,,,0,0,johnsja01
260,Keldon Johnson,SF,24,SAS,69,2038,.454,13.4,,.574,.261,.256,.038,.019,.426,,.533,.636,.439,.485,.500,.346,,.492,.906,,.038,28,,.300,.327,,1,0,johnske04
261,Keon Johnson,SG,21,BRK,5,61,.381,17.5,,.524,.190,.095,.048,.190,.476,,.364,.500,.500,.000,.250,.400,,.750,1.000,,.048,1,,.100,1.000,,0,0,johnske07
262,Keyontae Johnson,SF,23,OKC,9,66,.313,7.7,,.813,.438,.313,.063,.000,.188,,.308,.286,.200,1.000,,.333,,.500,1.000,,.063,1,,.333,1.000,,0,0,johnske08
263,Nikola Jokić,C,28,DEN,79,2737,.583,9.7,,.836,.260,.404,.115,.057,.164,,.626,.741,.614,.537,.370,.359,,.572,.807,,.013,17,,.035,.250,,8,0,jokicni01
264,Colby Jones,SG,21,SAC,30,192,.394,12.1,,.690,.183,.338,.155,.014,.310,,.531,.462,.583,.455,1.000,.091,,.538,1.000,,.014,1,,.364,.125,,0,0,jonesco02
265,Damian Jones,C,28,CLE,39,270,.597,8.2,,.806,.542,.139,.069,.056,.194,,.690,.795,.400,.800,.250,.214,,.775,1.000,,.250,17,,.429,.333,,0,0,jonesda03
266,Derrick Jones Jr.,SF,26,DAL,76,1783,.483,13.2,,.517,.327,.168,.018,.004,.483,,.613,.691,.494,.444,.000,.343,,.764,.988,,.158,62,,.586,.343,,0,0,jonesde02
267,Herbert Jones,SF,25,NOP,76,2321,.498,13.8,,.536,.311,.162,.022,.041,.464,,.568,.705,.389,.231,.417,.418,,.609,.965,,.070,39,,.527,.479,,1,0,joneshe01
268,Mason Jones,SG,25,SAC,5,28,.250,24.4,,.125,.000,.000,.125,.000,.875,,.000,,,.000,,.286,,,1.000,,.000,0,,.143,.000,,0,0,jonesma05
269,Tre Jones,PG,24,SAS,77,2138,.505,11.5,,.682,.328,.242,.100,.012,.318,,.584,.726,.497,.367,.286,.335,,.406,.906,,.003,1,,.403,.377,,2,0,jonestr01
270,Tyus Jones,PG,27,WAS,66,1933,.489,14.8,,.616,.111,.297,.174,.033,.384,,.537,.635,.490,.560,.500,.414,,.418,.792,,.000,0,,.246,.476,,0,0,jonesty01
271,DeAndre Jordan,C,35,DEN,36,396,.624,2.0,,1.000,.828,.161,.011,.000,.000,,.624,.675,.400,.000,,,,.724,,,.441,37,,,,,0,0,jordade01
272,Cory Joseph,PG,32,GSW,26,296,.359,20.4,,.344,.031,.156,.078,.078,.656,,.455,.000,.700,.400,.200,.310,,.600,.923,,.000,0,,.238,.400,,1,0,josepco01
273,Nikola Jović,PF,20,MIA,46,896,.452,16.7,,.420,.178,.196,.032,.014,.580,,.525,.600,.509,.222,.500,.399,,.694,.892,,.007,2,,.288,.468,,0,0,jovicni01
274,Johnny Juzang,SG,22,UTA,20,372,.464,19.3,,.300,.027,.236,.018,.018,.700,,.576,1.000,.538,.500,.500,.416,,.789,1.000,,.009,1,,.442,.382,,0,0,juzanjo01
275,Luke Kennard,SG,27,MEM,39,999,.448,21.8,,.244,.060,.054,.079,.051,.756,,.442,.684,.235,.440,.375,.450,,.765,.944,,.000,0,,.118,.393,,0,0,kennalu01
276,Walker Kessler,C,22,UTA,64,1493,.654,3.4,,.946,.680,.257,.003,.006,.054,,.680,.752,.511,.000,.000,.211,,.742,1.000,,.363,124,,1.000,.211,,0,0,kesslwa01
277,Braxton Key,SF,26,DEN,20,60,.412,10.2,,.706,.412,.235,.000,.059,.294,,.417,.429,.250,,1.000,.400,,1.000,1.000,,.000,0,,.200,.000,,0,0,keybr01
278,Corey Kispert,SF,24,WAS,80,2067,.486,17.7,,.395,.200,.149,.038,.009,.605,,.643,.780,.525,.400,.571,.383,,.752,.967,,.030,18,,.215,.379,,2,0,kispeco01
279,Maxi Kleber,C,32,DAL,43,871,.432,18.0,,.370,.178,.075,.082,.034,.630,,.574,.769,.273,.583,.200,.348,,.839,.969,,.041,6,,.348,.219,,0,0,klebima01
280,Kevin Knox,SF,24,DET,31,560,.462,15.6,,.495,.188,.194,.081,.032,.505,,.598,.686,.583,.600,.167,.330,,.782,.968,,.124,20,,.372,.343,,0,0,knoxke01
281,John Konchar,SF,27,MEM,55,1173,.423,15.1,,.423,.322,.091,.010,.000,.577,,.568,.657,.316,.000,,.317,,.680,1.000,,.014,3,,.492,.271,,0,0,konchjo01
282,Furkan Korkmaz,SG,26,PHI,35,300,.395,17.4,,.474,.184,.171,.053,.066,.526,,.444,.643,.462,.000,.200,.350,,.750,.714,,.026,2,,.100,.500,,0,0,korkmfu01
283,Luke Kornet,C,28,BOS,63,983,.700,2.1,,.995,.773,.212,.010,.000,.005,,.698,.790,.372,.500,,1.000,,.709,1.000,,.404,72,,.000,,,0,0,kornelu01
284,Vit Krejci,PG,23,ATL,22,541,.490,18.8,,.346,.144,.115,.067,.019,.654,,.639,.667,.583,.714,.500,.412,,.696,.929,,.038,4,,.279,.368,,0,0,krejcvi01
285,Jonathan Kuminga,PF,21,GSW,74,1949,.529,9.4,,.809,.296,.364,.109,.039,.191,,.578,.749,.519,.394,.353,.321,,.615,.906,,.182,138,,.279,.435,,1,0,kuminjo01
286,Kyle Kuzma,PF,28,WAS,70,2281,.463,13.7,,.657,.206,.272,.117,.062,.343,,.530,.789,.451,.357,.341,.336,,.538,.788,,.046,57,,.222,.410,,1,0,kuzmaky01
287,Jock Landale,C,28,HOU,56,763,.515,9.0,,.806,.388,.262,.117,.039,.194,,.578,.638,.519,.625,.250,.250,,.750,1.000,,.117,20,,.100,.250,,0,0,landajo01
288,Jake LaRavia,PF,22,MEM,35,806,.389,15.7,,.485,.218,.218,.023,.026,.515,,.442,.591,.303,.571,.250,.340,,.569,.887,,.026,8,,.167,.462,,1,0,laravja01
289,Zach LaVine,SG,28,CHI,25,872,.452,15.7,,.551,.237,.136,.053,.125,.449,,.536,.640,.431,.500,.468,.349,,.396,.525,,.040,13,,.183,.452,,0,0,lavinza01
290,A.J. Lawson,SG,23,DAL,42,311,.446,11.8,,.587,.364,.198,.008,.017,.413,,.577,.773,.208,.000,1.000,.260,,.610,1.000,,.107,12,,.640,.250,,0,0,lawsoaj01
291,Saben Lee,PG,24,PHO,24,185,.364,9.6,,.709,.382,.309,.000,.018,.291,,.462,.571,.353,,.000,.125,,.500,1.000,,.109,4,,.625,.100,,0,0,leesa01
292,Alex Len,C,30,SAC,48,444,.617,4.9,,.963,.506,.370,.062,.025,.037,,.641,.805,.433,.400,1.000,.000,,.720,,,.321,20,,.333,.000,,0,0,lenal01
293,Kawhi Leonard,SF,32,LAC,68,2330,.525,13.9,,.711,.168,.200,.246,.097,.289,,.569,.790,.539,.500,.425,.417,,.451,.657,,.072,76,,.193,.446,,0,0,leonaka01
294,Caris LeVert,SG,29,CLE,68,1958,.421,13.6,,.595,.261,.212,.110,.012,.405,,.486,.617,.379,.389,.400,.325,,.414,.769,,.043,33,,.175,.328,,1,0,leverca01
295,Kira Lewis Jr.,PG,22,TOT,28,265,.370,13.1,,.641,.250,.261,.076,.054,.359,,.508,.609,.542,.429,.000,.121,,.433,.750,,.011,1,,.212,.000,,0,0,lewiski01
296,Maxwell Lewis,SF,21,LAL,34,103,.190,14.3,,.571,.238,.190,.048,.095,.429,,.250,.200,.250,.000,.500,.111,,.333,1.000,,.048,0,,.000,,,0,0,lewisma05
297,E.J. Liddell,PF,23,NOP,8,23,.167,22.1,,.167,.167,.000,.000,.000,.833,,1.000,1.000,,,,.000,,1.000,,,.167,1,,.000,,,0,0,liddeej01
298,Damian Lillard,PG,33,MIL,73,2579,.424,17.2,,.513,.194,.147,.078,.094,.487,,.490,.677,.314,.404,.450,.354,,.196,.509,,.010,8,,.058,.278,,7,0,lillada01
299,Nassir Little,SF,23,PHO,45,458,.460,16.4,,.435,.210,.161,.032,.032,.565,,.667,.769,.600,.250,.750,.300,,.722,1.000,,.097,12,,.357,.320,,0,0,littlna01
300,Dereck Lively II,C,19,DAL,55,1294,.747,2.4,,.993,.750,.230,.010,.003,.007,,.752,.833,.515,.000,1.000,.000,,.810,,,.527,141,,1.000,.000,,0,0,livelde01
301,Isaiah Livers,PF,25,DET,23,469,.345,19.2,,.336,.155,.086,.017,.078,.664,,.462,.667,.300,.000,.333,.286,,.778,1.000,,.034,4,,.364,.286,,1,0,liveris01
302,Chris Livingston,SF,20,MIL,21,90,.500,7.9,,.773,.545,.227,.000,.000,.227,,.588,.667,.400,,,.200,,.500,1.000,,.045,1,,.600,.333,,0,0,livinch01
303,Kenneth Lofton Jr.,PF,21,TOT,21,199,.462,13.5,,.692,.192,.256,.128,.115,.308,,.537,.800,.500,.300,.444,.292,,.517,1.000,,.051,4,,.167,.250,,0,0,loftoke01
304,Kevon Looney,C,27,GSW,74,1195,.597,4.2,,.996,.485,.421,.060,.030,.004,,.599,.681,.541,.429,.429,.000,,.676,,,.120,24,,.000,,,1,0,looneke01
305,Brook Lopez,C,35,MIL,79,2411,.485,16.6,,.465,.248,.122,.077,.019,.535,,.621,.786,.413,.431,.571,.366,,.739,1.000,,.058,42,,.141,.404,,0,0,lopezbr01
306,Robin Lopez,C,35,MIL,16,65,.368,14.2,,.579,.000,.579,.000,.000,.421,,.455,,.455,,,.250,,.800,1.000,,.000,0,,.625,.400,,0,0,lopezro01
307,Kevin Love,PF,35,MIA,55,924,.440,19.4,,.320,.139,.142,.011,.028,.680,,.643,.780,.569,.750,.300,.344,,.622,.988,,.003,0,,.135,.273,,1,0,loveke01
308,Kyle Lowry,PG,37,TOT,60,1690,.432,19.7,,.337,.114,.111,.072,.040,.663,,.512,.628,.500,.333,.533,.392,,.477,.806,,.000,0,,.248,.452,,2,0,lowryky01
309,Seth Lundy,SF,23,ATL,9,52,.235,21.1,,.235,.059,.118,.000,.059,.765,,.250,.000,.000,,1.000,.231,,1.000,1.000,,.000,0,,.308,.250,,0,0,lundyse01
310,Trey Lyles,PF,28,SAC,58,1158,.445,18.8,,.318,.178,.100,.022,.019,.682,,.578,.754,.375,.571,.000,.384,,.729,1.000,,.025,6,,.384,.369,,3,0,lylestr01
311,Théo Maledon,PG,22,TOT,17,213,.286,15.0,,.571,.214,.229,.086,.043,.429,,.375,.533,.313,.333,.000,.167,,.600,1.000,,.000,0,,.233,.286,,2,0,maledth01
312,Sandro Mamukelashvili,C,24,SAS,46,451,.471,13.4,,.587,.323,.213,.045,.006,.413,,.593,.660,.515,.429,1.000,.297,,.611,1.000,,.077,10,,.297,.263,,3,0,mamuksa01
313,Terance Mann,SG,27,LAC,75,1873,.515,13.1,,.586,.292,.193,.085,.016,.414,,.633,.833,.463,.405,.250,.348,,.639,.944,,.105,45,,.515,.381,,1,0,mannte01
314,Tre Mann,PG,22,TOT,41,987,.459,14.3,,.601,.237,.212,.104,.047,.399,,.516,.667,.433,.424,.333,.373,,.194,.766,,.022,4,,.198,.440,,0,0,manntr01
315,Boban Marjanović,C,35,HOU,14,71,.529,6.7,,.941,.294,.529,.088,.029,.059,,.563,.900,.444,.333,.000,.000,,.722,,,.206,7,,.000,,,0,0,marjabo01
316,Lauri Markkanen,PF,26,UTA,55,1820,.480,15.7,,.507,.175,.240,.061,.030,.493,,.559,.724,.500,.389,.407,.399,,.742,.983,,.098,77,,.178,.436,,1,0,markkla01
317,Naji Marshall,SF,26,NOP,66,1257,.463,14.3,,.591,.218,.253,.082,.038,.409,,.516,.650,.430,.467,.429,.387,,.563,.966,,.027,9,,.540,.420,,8,1,marshna01
318,Caleb Martin,SF,28,MIA,64,1756,.431,14.5,,.585,.218,.216,.072,.079,.415,,.489,.598,.463,.325,.409,.349,,.581,.926,,.036,18,,.353,.329,,2,0,martica02
319,Cody Martin,SF,28,CHO,28,753,.381,14.8,,.600,.223,.158,.098,.121,.400,,.426,.667,.382,.381,.077,.314,,.436,.704,,.033,5,,.360,.355,,0,0,martico01
320,KJ Martin,SF,23,TOT,60,746,.536,5.8,,.845,.613,.227,.000,.006,.155,,.582,.649,.415,,.000,.286,,.787,1.000,,.227,34,,.536,.400,,0,0,martike04
321,Garrison Mathews,SG,27,ATL,66,992,.456,22.6,,.146,.044,.031,.053,.018,.854,,.545,.800,.000,.583,.750,.440,,.722,.976,,.000,0,,.316,.459,,0,0,mathega01
322,Bennedict Mathurin,SF,21,IND,59,1538,.446,12.4,,.677,.275,.253,.089,.060,.323,,.481,.582,.393,.458,.425,.374,,.583,.750,,.030,17,,.107,.435,,0,0,mathube01
323,Wesley Matthews,SG,37,ATL,36,413,.351,19.7,,.289,.113,.082,.082,.010,.711,,.357,.455,.375,.250,.000,.348,,.900,.958,,.000,0,,.391,.444,,0,0,matthwe02
324,Tyrese Maxey,PG,23,PHI,70,2626,.450,14.7,,.599,.222,.229,.092,.056,.401,,.501,.667,.406,.392,.413,.373,,.343,.599,,.004,6,,.072,.610,,3,0,maxeyty01
325,Skylar Mays,PG-SG,26,TOT,38,433,.396,13.4,,.660,.201,.264,.151,.044,.340,,.448,.406,.476,.375,.714,.296,,.277,.875,,.038,4,,.148,.250,,0,0,mayssk01
326,Miles McBride,PG,23,NYK,68,1328,.452,17.8,,.414,.172,.081,.099,.062,.586,,.511,.679,.351,.444,.357,.410,,.375,.899,,.035,12,,.395,.457,,3,0,mcbrimi01
327,CJ McCollum,PG,32,NOP,66,2159,.459,17.5,,.472,.107,.186,.121,.058,.528,,.492,.584,.464,.477,.443,.429,,.392,.741,,.005,5,,.120,.448,,0,0,mccolcj01
328,T.J. McConnell,PG,31,IND,71,1291,.556,8.5,,.926,.241,.403,.256,.025,.074,,.568,.741,.527,.493,.333,.409,,.317,.778,,.000,0,,.205,.667,,1,0,mccontj01
329,Jaden McDaniels,SF,23,MIN,72,2105,.489,13.6,,.594,.220,.237,.107,.030,.406,,.592,.783,.497,.507,.263,.337,,.620,.988,,.092,49,,.608,.361,,2,0,mcdanja02
330,Jalen McDaniels,SF,26,TOR,50,538,.344,12.9,,.624,.201,.339,.063,.021,.376,,.449,.553,.453,.250,.000,.169,,.679,.917,,.042,7,,.296,.286,,0,0,mcdanja01
331,Doug McDermott,SF,32,TOT,64,904,.433,21.9,,.194,.099,.042,.025,.028,.806,,.527,.607,.333,.571,.500,.410,,.931,.979,,.021,6,,.214,.408,,0,0,mcderdo01
332,JaVale McGee,C,36,SAC,46,339,.598,4.9,,.947,.492,.417,.030,.008,.053,,.624,.769,.509,.000,.000,.143,,.769,1.000,,.303,35,,.000,,,0,0,mcgeeja01
333,Bryce McGowens,SG,21,CHO,59,882,.439,13.9,,.557,.300,.178,.030,.048,.443,,.523,.580,.488,.571,.273,.333,,.493,.971,,.030,7,,.382,.410,,0,0,mcgowbr01
334,Jordan McLaughlin,PG,27,MIN,56,626,.483,17.0,,.386,.214,.117,.028,.028,.614,,.500,.613,.353,.000,.750,.472,,.643,.976,,.000,0,,.494,.432,,1,1,mclaujo01
335,De'Anthony Melton,SG,25,PHI,38,1023,.386,17.6,,.406,.181,.153,.031,.042,.594,,.425,.538,.345,.273,.333,.360,,.484,.792,,.028,10,,.178,.342,,0,0,meltode01
336,Nathan Mensah,C,25,CHO,25,307,.429,4.0,,1.000,.393,.607,.000,.000,.000,,.429,.545,.353,,,,,.667,,,.107,3,,,,,0,0,mensana01
337,Sam Merrill,SG,27,CLE,61,1069,.402,23.6,,.099,.041,.038,.015,.005,.901,,.385,.500,.467,.000,.000,.404,,.800,.965,,.000,0,,.195,.449,,1,0,merrisa01
338,Chimezie Metu,C,26,TOT,51,859,.504,12.6,,.615,.311,.217,.061,.025,.385,,.633,.803,.491,.400,.333,.298,,.737,.929,,.156,34,,.319,.333,,0,0,metuch01
339,Vasilije Micić,PG,30,TOT,60,1176,.430,14.6,,.584,.276,.146,.086,.076,.416,,.537,.706,.296,.469,.464,.279,,.353,.605,,.003,1,,.084,.154,,0,0,micicva01
340,Khris Middleton,SF,32,MIL,55,1487,.493,16.7,,.616,.101,.159,.187,.170,.384,,.563,.708,.510,.517,.578,.381,,.372,.702,,.005,2,,.186,.413,,0,0,middlkh01
341,Brandon Miller,SF,21,CHO,74,2383,.440,16.7,,.545,.141,.168,.163,.073,.455,,.495,.673,.412,.426,.494,.373,,.493,.908,,.039,39,,.181,.393,,4,0,millebr02
342,Jordan Miller,SF,24,LAC,8,28,.556,9.2,,.778,.556,.000,.111,.111,.222,,.571,.800,,.000,.000,.500,,.000,1.000,,.222,2,,1.000,.500,,0,0,millejo02
343,Leonard Miller,SF,20,MIN,17,52,.650,10.5,,.750,.450,.100,.100,.100,.250,,.733,.778,.500,.500,1.000,.400,,.636,1.000,,.000,0,,.400,.500,,0,0,millele01
344,Dariq Whitehead,SF,19,BRK,2,24,.200,17.6,,.400,.000,.400,.000,.000,.600,,.500,,.500,,,.000,,1.000,,,.000,0,,.333,.000,,0,0,whiteda01
345,Patty Mills,PG,35,TOT,32,415,.351,20.2,,.336,.046,.122,.069,.099,.664,,.500,.833,.313,.556,.538,.276,,.545,.958,,.000,0,,.276,.375,,0,0,millspa02
346,Shake Milton,SG,27,TOT,48,581,.405,13.1,,.672,.215,.226,.205,.026,.328,,.466,.690,.295,.400,.600,.281,,.639,.944,,.000,0,,.391,.400,,1,0,miltosh01
347,Justin Minaya,SF,24,POR,34,381,.297,17.5,,.338,.243,.081,.014,.000,.662,,.400,.556,.000,.000,,.245,,.400,.917,,.041,2,,.245,.333,,0,0,minayju01
348,Josh Minott,SF,21,MIN,32,91,.472,9.1,,.722,.444,.278,.000,.000,.278,,.500,.625,.300,,,.400,,.615,1.000,,.139,4,,.300,.333,,0,0,minotjo01
349,Davion Mitchell,PG,25,SAC,72,1101,.452,16.2,,.511,.155,.192,.090,.074,.489,,.539,.760,.500,.310,.458,.361,,.472,.965,,.000,0,,.291,.457,,0,0,mitchda01
350,Donovan Mitchell,SG,27,CLE,55,1942,.462,16.4,,.546,.209,.139,.097,.101,.454,,.539,.702,.411,.462,.455,.368,,.249,.560,,.019,18,,.051,.320,,1,0,mitchdo01
351,Evan Mobley,PF,22,CLE,50,1532,.580,6.5,,.893,.464,.337,.065,.027,.107,,.604,.770,.462,.361,.133,.373,,.725,1.000,,.239,129,,.424,.360,,0,0,mobleev01
352,Isaiah Mobley,PF,24,CLE,10,72,.417,12.3,,.583,.375,.167,.042,.000,.417,,.500,.778,.000,.000,,.300,,.429,1.000,,.083,2,,.400,.250,,0,0,mobleis01
353,Malik Monk,SG,25,SAC,72,1872,.443,16.2,,.526,.169,.189,.108,.060,.474,,.528,.656,.456,.500,.444,.350,,.464,.784,,.049,41,,.132,.429,,0,0,monkma01
354,Moses Moody,SG,21,GSW,66,1156,.462,15.2,,.524,.179,.240,.064,.040,.476,,.555,.733,.475,.481,.353,.360,,.582,.903,,.050,17,,.270,.315,,0,0,moodymo01
355,Xavier Moon,SG,29,LAC,14,119,.326,16.2,,.630,.065,.217,.217,.130,.370,,.448,.000,.400,.600,.500,.118,,.308,.500,,.000,0,,.059,.000,,0,0,moonxa01
356,Taze Moore,SG,25,POR,4,40,.421,11.9,,.632,.368,.211,.000,.053,.368,,.583,1.000,.000,,.000,.143,,.429,1.000,,.105,2,,.286,.000,,0,0,mooreta02
357,Wendell Moore Jr.,SG,22,MIN,25,75,.500,13.0,,.667,.222,.167,.222,.056,.333,,.750,1.000,.667,.750,.000,.000,,.556,,,.056,1,,.333,.000,,0,0,moorewe01
358,Ja Morant,PG,24,MEM,9,318,.471,11.9,,.700,.288,.288,.088,.035,.300,,.555,.714,.490,.267,.500,.275,,.288,.500,,.047,6,,.098,.200,,0,0,moranja01
359,Marcus Morris,PF,34,TOT,49,817,.439,18.1,,.549,.072,.121,.178,.178,.451,,.469,.684,.375,.511,.404,.403,,.471,.938,,.008,2,,.294,.429,,1,0,morrima03
360,Markieff Morris,PF,34,DAL,26,216,.338,20.4,,.382,.044,.103,.118,.118,.618,,.308,.333,.429,.250,.250,.357,,.500,.867,,.000,0,,.238,.500,,0,0,morrima02
361,Monte Morris,PG,28,TOT,33,476,.405,17.7,,.542,.111,.098,.203,.131,.458,,.422,.588,.200,.419,.450,.386,,.314,.926,,.000,0,,.300,.476,,2,0,morrimo01
362,Trey Murphy III,SF,23,NOP,57,1690,.443,20.3,,.283,.142,.100,.027,.014,.717,,.602,.795,.419,.471,.222,.380,,.679,.893,,.068,38,,.200,.404,,1,0,murphtr02
363,Dejounte Murray,SG,27,ATL,78,2783,.459,14.9,,.621,.170,.191,.181,.079,.379,,.518,.581,.464,.521,.509,.363,,.261,.706,,.011,14,,.222,.431,,1,0,murrade01
364,Jamal Murray,PG,26,DEN,59,1861,.481,15.2,,.654,.166,.167,.169,.151,.346,,.510,.652,.461,.455,.470,.425,,.337,.600,,.019,19,,.111,.289,,2,0,murraja01
365,Keegan Murray,SF,23,SAC,77,2588,.454,17.3,,.476,.139,.149,.112,.076,.524,,.560,.728,.559,.477,.378,.358,,.746,.978,,.084,72,,.252,.326,,1,0,murrake02
366,Kris Murray,SF,23,POR,62,1348,.396,14.1,,.500,.287,.180,.030,.003,.500,,.525,.657,.333,.455,.000,.268,,.500,.980,,.060,21,,.475,.299,,1,0,murrakr01
367,Mike Muscala,C,32,TOT,53,600,.359,18.2,,.385,.167,.103,.058,.058,.615,,.467,.615,.375,.333,.333,.292,,.643,1.000,,.032,4,,.240,.391,,0,0,muscami01
368,Svi Mykhailiuk,SF,26,BOS,41,413,.416,21.9,,.212,.109,.036,.051,.015,.788,,.517,.667,.800,.143,.000,.389,,.733,.929,,.036,3,,.278,.533,,1,0,mykhasv01
369,Larry Nance Jr.,C,31,NOP,61,1216,.573,9.8,,.730,.411,.245,.062,.012,.270,,.631,.727,.525,.400,.667,.415,,.766,.963,,.220,46,,.585,.421,,3,0,nancela02
370,Pete Nance,PF,23,CLE,8,27,.167,10.2,,.833,.333,.167,.333,.000,.167,,.000,.000,.000,.000,,1.000,,,1.000,,.000,0,,.000,,,0,0,nancepe01
371,Andrew Nembhard,PG,24,IND,68,1697,.498,14.1,,.672,.190,.207,.197,.079,.328,,.567,.737,.472,.534,.488,.357,,.412,.918,,.002,1,,.310,.528,,0,0,nembhan01
372,Aaron Nesmith,SF,24,IND,72,1995,.496,15.2,,.474,.246,.167,.052,.009,.526,,.581,.699,.434,.485,.667,.419,,.697,.986,,.052,31,,.419,.436,,0,0,nesmiaa01
373,Georges Niang,PF,30,CLE,82,1831,.449,17.9,,.373,.120,.196,.049,.008,.627,,.572,.684,.524,.548,.200,.376,,.741,.973,,.000,0,,.354,.343,,0,0,niangge01
374,Daishen Nix,PG,21,MIN,15,50,.375,19.3,,.292,.083,.208,.000,.000,.708,,.429,1.000,.200,,,.353,,.333,.667,,.042,1,,.176,.000,,0,0,nixda01
375,Zeke Nnaji,PF,23,DEN,58,576,.463,6.1,,.846,.597,.215,.027,.007,.154,,.500,.584,.313,.250,.000,.261,,.619,1.000,,.181,24,,.391,.222,,0,0,nnajize01
376,Jaylen Nowell,SG,24,TOT,13,214,.436,15.7,,.628,.103,.269,.128,.128,.372,,.571,.625,.429,.700,.700,.207,,.536,1.000,,.013,1,,.172,.200,,1,0,nowelja01
377,Markquis Nowell,SG,24,TOR,1,4,.000,9.5,,1.000,.000,1.000,.000,.000,.000,,.000,,.000,,,,,,,,.000,0,,,,,0,0,nowelma01
378,Frank Ntilikina,PG,25,CHO,5,43,.111,24.2,,.111,.000,.000,.000,.111,.889,,.000,,,,.000,.125,,,1.000,,.000,0,,.375,.000,,0,0,ntilila01
379,Jusuf Nurkić,C,29,PHO,76,2078,.510,6.5,,.856,.504,.311,.030,.011,.144,,.555,.630,.446,.526,.286,.244,,.651,1.000,,.104,56,,.100,.111,,0,0,nurkiju01
380,Jordan Nwora,SF,25,TOT,52,712,.462,14.4,,.562,.268,.197,.060,.037,.438,,.560,.663,.542,.389,.182,.336,,.585,.841,,.033,9,,.298,.359,,2,0,nworajo01
381,Royce O'Neale,SF,30,TOT,79,1954,.397,21.8,,.217,.109,.085,.019,.004,.783,,.496,.627,.326,.500,.500,.370,,.672,.936,,.007,3,,.166,.443,,7,0,onealro01
382,Chuma Okeke,SF,25,ORL,47,432,.357,20.2,,.268,.107,.116,.018,.027,.732,,.567,.917,.385,.000,.333,.280,,.765,.957,,.045,4,,.293,.375,,1,0,okekech01
383,Josh Okogie,SG,25,PHO,60,960,.417,12.7,,.544,.350,.160,.029,.005,.456,,.509,.569,.394,.500,.000,.309,,.632,.966,,.068,13,,.638,.300,,0,0,okogijo01
384,Onyeka Okongwu,C,23,ATL,55,1405,.611,6.8,,.811,.559,.233,.014,.005,.189,,.676,.740,.529,.400,1.000,.333,,.775,1.000,,.244,78,,.739,.431,,1,0,okongon01
385,Isaac Okoro,SF,23,CLE,69,1887,.490,12.5,,.552,.388,.150,.008,.006,.448,,.570,.640,.403,.000,1.000,.391,,.795,.976,,.046,18,,.642,.399,,1,0,okorois01
386,Kelly Olynyk,C,32,TOT,78,1759,.555,11.6,,.688,.344,.225,.064,.054,.312,,.632,.760,.545,.406,.444,.387,,.537,.967,,.016,8,,.187,.448,,0,0,olynyke01
387,Eugene Omoruyi,SF,26,WAS,43,393,.485,9.9,,.725,.419,.269,.018,.018,.275,,.562,.671,.422,.333,.333,.283,,.618,.923,,.066,11,,.174,.000,,0,0,omorueu01
388,Cedi Osman,SF,28,SAS,72,1269,.479,16.7,,.424,.221,.151,.034,.018,.576,,.601,.776,.448,.154,.571,.389,,.724,.965,,.005,2,,.235,.462,,0,0,osmande01
389,Kelly Oubre Jr.,SF,28,PHI,68,2055,.441,12.4,,.630,.308,.237,.068,.017,.370,,.517,.693,.356,.350,.267,.311,,.552,.851,,.117,86,,.308,.330,,0,0,oubreke01
390,Chris Paul,PG,38,GSW,58,1531,.441,19.0,,.550,.021,.109,.233,.186,.450,,.498,.800,.608,.514,.379,.371,,.164,.679,,.000,0,,.176,.243,,4,0,paulch01
391,Cameron Payne,PG,29,TOT,78,1304,.432,17.8,,.445,.141,.173,.094,.037,.555,,.486,.485,.470,.533,.444,.390,,.452,.788,,.000,0,,.127,.265,,1,0,payneca01
392,Gary Payton II,SG,31,GSW,44,680,.563,9.4,,.699,.388,.306,.005,.000,.301,,.648,.718,.571,.000,,.364,,.819,1.000,,.126,20,,.636,.343,,0,0,paytoga02
393,Mãozinha Pereira,SF,23,MEM,7,122,.514,11.7,,.629,.400,.229,.000,.000,.371,,.591,.714,.375,,,.385,,.692,1.000,,.314,9,,.462,.500,,1,0,pereima01
394,Drew Peterson,PF,24,BOS,3,23,.667,21.3,,.167,.167,.000,.000,.000,.833,,1.000,1.000,,,,.600,,1.000,1.000,,.167,1,,.200,.000,,0,0,peterdr01
395,Filip Petrušev,C,23,TOT,3,10,.500,12.4,,1.000,.000,.000,1.000,.000,.000,,.500,,,.500,,,,1.000,,,.000,0,,,,,0,0,petrufi01
396,Julian Phillips,SF,20,CHI,40,323,.416,13.6,,.506,.390,.078,.013,.026,.494,,.513,.467,.667,1.000,.500,.316,,.750,1.000,,.091,4,,.579,.455,,0,0,phillju01
397,Jalen Pickett,SG,24,DEN,27,122,.429,22.6,,.286,.029,.057,.086,.114,.714,,.600,1.000,.500,.333,.750,.360,,.500,.778,,.000,0,,.040,.000,,1,0,pickeja02
398,Scotty Pippen Jr.,PG,23,MEM,21,527,.493,12.6,,.645,.320,.182,.118,.025,.355,,.534,.646,.432,.417,.400,.417,,.414,.833,,.025,4,,.097,.571,,0,0,pippesc02
399,Mason Plumlee,C,33,LAC,46,674,.569,3.8,,.961,.562,.379,.020,.000,.039,,.592,.698,.466,.000,,.000,,.736,,,.268,38,,.667,.000,,0,0,plumlma01
400,Brandin Podziemski,SG,20,GSW,74,1968,.454,13.8,,.608,.186,.322,.070,.030,.392,,.499,.685,.443,.333,.333,.385,,.552,.767,,.008,4,,.192,.422,,1,0,podzibr01
401,Jakob Poeltl,C,28,TOR,50,1319,.656,3.9,,1.000,.545,.349,.106,.000,.000,,.656,.786,.500,.500,,,,.798,,,.074,26,,,,,0,0,poeltja01
402,Aleksej Pokusevski,PF,22,TOT,28,405,.405,15.0,,.545,.231,.207,.033,.074,.455,,.470,.786,.280,.500,.000,.327,,.774,1.000,,.050,6,,.291,.188,,0,0,pokusal01
403,Jordan Poole,SG,24,WAS,78,2346,.413,17.1,,.524,.156,.180,.116,.073,.476,,.492,.714,.394,.387,.425,.326,,.408,.668,,.008,9,,.108,.344,,4,0,poolejo01
404,Craig Porter Jr.,PG,23,CLE,51,649,.509,10.2,,.851,.320,.241,.193,.096,.149,,.536,.644,.473,.455,.500,.353,,.385,.833,,.044,9,,.176,.167,,1,0,portecr01
405,Jontay Porter,PF,24,TOR,26,360,.385,16.8,,.423,.231,.096,.077,.019,.577,,.455,.542,.600,.000,.500,.333,,.650,1.000,,.038,2,,.083,.600,,0,0,portejo01
406,Michael Porter Jr.,SF,25,DEN,81,2565,.484,17.5,,.487,.179,.092,.080,.136,.513,,.575,.725,.414,.477,.544,.397,,.758,.964,,.055,49,,.211,.436,,1,0,portemi01
407,Otto Porter Jr.,SF,30,TOR,15,174,.424,18.9,,.303,.182,.030,.091,.000,.697,,.600,.500,1.000,.667,,.348,,1.000,.875,,.030,0,,.391,.444,,0,0,porteot01
408,Bobby Portis,PF,28,MIL,82,2008,.508,12.9,,.732,.215,.218,.198,.101,.268,,.545,.731,.485,.478,.409,.407,,.552,.980,,.028,22,,.419,.408,,0,0,portibo01
409,Kristaps Porziņģis,C,28,BOS,57,1690,.516,14.6,,.610,.251,.176,.126,.057,.390,,.606,.751,.538,.505,.395,.375,,.716,.991,,.128,89,,.024,.143,,2,0,porzikr01
410,Micah Potter,PF,25,UTA,16,186,.475,14.4,,.475,.200,.275,.000,.000,.525,,.526,.625,.455,,,.429,,.600,1.000,,.075,3,,.667,.571,,0,0,pottemi01
411,Dwight Powell,C,32,DAL,63,836,.679,2.4,,.972,.811,.160,.000,.000,.028,,.689,.767,.294,,,.333,,.620,1.000,,.217,18,,.667,.500,,0,0,poweldw01
412,Norman Powell,SG,30,LAC,76,1990,.486,16.4,,.500,.143,.214,.091,.052,.500,,.536,.736,.482,.429,.400,.435,,.689,.916,,.023,15,,.320,.545,,2,0,powelno01
413,Jason Preston,PG,24,UTA,7,71,.316,9.9,,.842,.105,.579,.158,.000,.158,,.375,.500,.273,.667,,.000,,.333,,,.000,0,,.333,.000,,0,0,prestja01
414,Joshua Primo,SG,21,LAC,2,10,.333,16.7,,.667,.333,.000,.000,.333,.333,,.500,1.000,,,.000,.000,,1.000,,,.000,0,,.000,,,0,0,primojo01
415,Taurean Prince,PF,29,LAL,78,2108,.442,17.8,,.378,.128,.168,.059,.023,.622,,.519,.699,.438,.441,.308,.396,,.866,.943,,.014,7,,.410,.363,,3,0,princta02
416,Payton Pritchard,PG,26,BOS,82,1825,.468,19.1,,.398,.132,.117,.083,.066,.602,,.593,.762,.486,.566,.476,.385,,.273,.850,,.000,0,,.251,.438,,5,1,pritcpa01
417,Olivier-Maxence Prosper,PF,21,DAL,40,336,.385,12.8,,.567,.356,.135,.038,.038,.433,,.458,.595,.214,.000,.500,.289,,.704,1.000,,.125,13,,.533,.250,,0,0,prospol01
418,Trevelin Queen,SG,26,ORL,14,165,.368,14.0,,.553,.237,.211,.053,.053,.447,,.524,.778,.375,.000,.500,.176,,.727,.667,,.132,5,,.353,.167,,0,0,queentr01
419,Neemias Queta,C,24,BOS,28,333,.644,3.2,,1.000,.567,.375,.048,.010,.000,,.644,.780,.462,.400,1.000,,,.701,,,.288,28,,,,,0,0,quetane01
420,Immanuel Quickley,PG-SG,24,TOT,68,1985,.434,16.8,,.516,.114,.224,.125,.053,.484,,.471,.696,.405,.446,.319,.395,,.387,.667,,.006,5,,.189,.293,,0,0,quickim01
421,Lester Quiñones,SG,23,GSW,37,394,.397,19.1,,.376,.113,.163,.099,.000,.624,,.453,.625,.391,.357,,.364,,.458,.938,,.021,3,,.182,.500,,2,1,quinole01
422,Jahmi'us Ramsey,SG,22,TOR,7,121,.439,15.9,,.463,.293,.073,.073,.024,.537,,.632,.750,.000,.667,1.000,.273,,.583,1.000,,.098,4,,.273,.333,,0,0,ramseja01
423,Julius Randle,PF,29,NYK,46,1630,.472,11.7,,.708,.266,.291,.115,.037,.292,,.539,.689,.469,.406,.419,.311,,.423,.868,,.032,24,,.148,.528,,0,0,randlju01
424,Duop Reath,C,27,POR,68,1214,.461,14.5,,.509,.263,.218,.022,.006,.491,,.559,.687,.413,.545,.333,.359,,.697,.989,,.052,23,,.180,.455,,0,0,reathdu01
425,Austin Reaves,SG,25,LAL,82,2629,.486,16.1,,.553,.179,.193,.118,.064,.447,,.583,.810,.519,.450,.383,.367,,.409,.675,,.014,13,,.143,.317,,3,0,reaveau01
426,Cam Reddish,SF,24,LAL,48,984,.389,14.0,,.530,.265,.188,.030,.047,.470,,.435,.629,.295,.143,.091,.336,,.722,1.000,,.056,10,,.573,.365,,0,0,reddica01
427,Paul Reed,C,24,PHI,82,1590,.540,7.1,,.881,.473,.265,.094,.050,.119,,.563,.674,.394,.511,.500,.368,,.643,.857,,.106,45,,.298,.294,,0,0,reedpa01
428,Naz Reid,C,24,MIN,81,1964,.477,14.5,,.521,.212,.271,.036,.001,.479,,.535,.717,.403,.484,.000,.414,,.624,1.000,,.049,39,,.275,.411,,2,0,reidna01
429,Jared Rhoden,SG,24,DET,17,245,.500,17.9,,.530,.076,.121,.212,.121,.470,,.600,.800,.750,.571,.375,.387,,.762,1.000,,.076,4,,.452,.429,,1,0,rhodeja01
430,Nick Richards,C,26,CHO,67,1759,.691,3.1,,.997,.684,.245,.059,.011,.003,,.693,.782,.543,.364,.250,.000,,.681,,,.354,120,,.000,,,0,0,richani01
431,Josh Richardson,SG,30,MIA,43,1103,.444,17.9,,.452,.118,.159,.101,.075,.548,,.561,.683,.582,.457,.462,.347,,.511,.970,,.023,7,,.226,.395,,1,0,richajo01
432,Duncan Robinson,SF,29,MIA,68,1905,.450,19.6,,.299,.121,.144,.027,.007,.701,,.579,.695,.526,.444,.200,.395,,.752,.914,,.004,3,,.222,.419,,2,0,robindu01
433,Jerome Robinson,SG,26,GSW,22,81,.333,15.5,,.485,.242,.212,.000,.030,.515,,.563,.750,.429,,.000,.118,,1.000,1.000,,.061,2,,.235,.000,,0,0,robinje01
434,Mitchell Robinson,C,25,NYK,31,768,.575,1.0,,1.000,.929,.071,.000,.000,.000,,.575,.602,.222,,,,,.479,,,.409,45,,,,,0,0,robinmi01
435,Orlando Robinson,C,23,MIA,36,304,.500,9.1,,.792,.361,.347,.056,.028,.208,,.491,.692,.400,.000,.000,.533,,.607,1.000,,.097,5,,.200,1.000,,0,0,robinor01
436,Jeremiah Robinson-Earl,PF,23,NOP,39,334,.474,13.0,,.589,.284,.211,.063,.032,.411,,.571,.630,.500,.833,.000,.333,,.750,1.000,,.084,7,,.513,.400,,0,0,robinje02
437,David Roddy,PF,22,TOT,65,1177,.403,12.7,,.599,.291,.247,.049,.012,.401,,.478,.639,.356,.250,.000,.293,,.598,.979,,.042,12,,.311,.373,,1,0,roddyda01
438,Ryan Rollins,PG,21,TOT,13,78,.519,9.1,,.852,.296,.333,.222,.000,.148,,.478,.750,.333,.333,,.750,,.091,.667,,.000,0,,.250,1.000,,0,0,rolliry01
439,Derrick Rose,PG,35,MEM,24,399,.461,11.6,,.752,.279,.267,.127,.079,.248,,.492,.652,.318,.333,.769,.366,,.426,.867,,.000,0,,.341,.500,,0,0,rosede01
440,Terry Rozier,PG-SG,29,TOT,61,2040,.443,15.2,,.589,.160,.224,.112,.092,.411,,.498,.563,.509,.411,.467,.363,,.290,.651,,.002,2,,.280,.383,,2,0,roziete01
441,Rayan Rupert,SG,19,POR,39,633,.335,15.2,,.516,.143,.273,.093,.006,.484,,.313,.478,.295,.133,.000,.359,,.538,.857,,.012,2,,.346,.370,,0,0,ruperra01
442,D'Angelo Russell,PG,27,LAL,76,2484,.456,17.4,,.495,.109,.205,.115,.067,.505,,.497,.788,.403,.460,.375,.415,,.383,.735,,.001,1,,.127,.406,,5,0,russeda01
443,Matt Ryan,SF,26,NOP,28,390,.434,22.6,,.195,.027,.035,.080,.053,.805,,.364,.667,.500,.222,.333,.451,,1.000,.927,,.000,0,,.319,.552,,0,0,ryanma01
444,Domantas Sabonis,C,27,SAC,82,2928,.594,6.2,,.919,.455,.361,.070,.032,.081,,.613,.722,.516,.467,.471,.379,,.607,.909,,.113,111,,.057,.200,,0,0,sabondo01
445,Luka Šamanić,PF,24,UTA,43,404,.380,12.5,,.595,.215,.373,.006,.000,.405,,.500,.735,.356,1.000,,.203,,.681,1.000,,.063,9,,.359,.261,,0,0,samanlu01
446,Jermaine Samuels,SF,25,HOU,14,60,.643,5.6,,.857,.500,.357,.000,.000,.143,,.750,.857,.600,,,.000,,.556,,,.071,1,,1.000,.000,,0,0,samueje01
447,Adama Sanogo,PF,21,CHI,9,66,.519,3.1,,1.000,.556,.407,.037,.000,.000,,.519,.667,.273,1.000,,,,.500,,,.000,0,,,,,0,0,sanogad01
448,Gui Santos,PF,21,GSW,23,192,.509,13.9,,.509,.345,.164,.000,.000,.491,,.643,.737,.444,,,.370,,.667,.900,,.036,2,,.296,.500,,0,0,santogu01
449,Dario Šarić,C,29,GSW,64,1098,.466,16.1,,.492,.152,.263,.041,.036,.508,,.560,.797,.480,.375,.357,.376,,.654,1.000,,.003,1,,.117,.261,,0,0,saricda01
450,Olivier Sarr,C,24,OKC,15,98,.579,8.9,,.684,.579,.105,.000,.000,.316,,.692,.818,.000,,,.333,,.889,1.000,,.263,5,,.500,.667,,0,0,sarrol01
451,Marcus Sasser,PG,23,DET,71,1351,.428,17.7,,.531,.088,.164,.166,.113,.469,,.474,.644,.452,.482,.362,.375,,.318,.644,,.002,1,,.154,.432,,0,0,sassema01
452,Admiral Schofield,PF,26,ORL,23,84,.385,18.2,,.385,.192,.115,.000,.077,.615,,.400,.600,.000,,.500,.375,,.500,1.000,,.154,2,,.250,.500,,0,0,schofad01
453,Dennis Schröder,PG,30,TOT,80,2486,.435,15.2,,.603,.193,.173,.148,.090,.397,,.474,.609,.375,.445,.422,.375,,.332,.812,,.000,0,,.168,.387,,5,0,schrode01
454,Dereon Seabron,SG,23,NOP,6,55,.308,7.9,,.846,.385,.231,.231,.000,.154,,.273,.400,.000,.333,,.500,,.000,1.000,,.000,0,,.500,.000,,0,0,seabrde01
455,Alperen Sengun,C,21,HOU,63,2046,.537,7.9,,.887,.338,.394,.115,.040,.113,,.567,.690,.496,.513,.385,.297,,.626,1.000,,.075,64,,.018,.000,,2,0,sengual01
456,Brice Sensabaugh,SF,20,UTA,32,584,.390,17.3,,.472,.041,.248,.138,.046,.528,,.495,.667,.463,.567,.300,.296,,.510,.794,,.009,2,,.296,.353,,0,0,sensabr01
457,Collin Sexton,SG,25,UTA,78,2075,.487,12.3,,.687,.203,.346,.098,.039,.313,,.530,.744,.451,.402,.439,.394,,.418,.805,,.027,23,,.212,.435,,2,0,sextoco01
458,Landry Shamet,SG,26,WAS,46,726,.431,17.8,,.427,.153,.135,.073,.066,.573,,.556,.690,.405,.550,.556,.338,,.738,.925,,.044,8,,.274,.419,,0,0,shamela01
459,Day'Ron Sharpe,C,22,BRK,61,921,.571,3.7,,.949,.643,.289,.014,.003,.051,,.588,.688,.400,.000,.000,.267,,.616,1.000,,.167,44,,.267,.250,,0,0,sharpda01
460,Shaedon Sharpe,SG,20,POR,32,1059,.406,14.9,,.585,.235,.168,.099,.083,.415,,.457,.569,.370,.372,.417,.333,,.466,.717,,.071,26,,.156,.393,,3,0,sharpsh01
461,Ben Sheppard,SG,22,IND,57,814,.393,18.1,,.319,.162,.114,.035,.009,.681,,.562,.676,.385,.500,1.000,.314,,.659,.980,,.026,5,,.506,.380,,0,0,sheppbe01
462,Pascal Siakam,PF,29,TOT,80,2657,.536,9.9,,.806,.304,.312,.129,.061,.194,,.581,.739,.515,.445,.423,.346,,.507,.976,,.033,40,,.297,.466,,0,0,siakapa01
463,Ben Simmons,PG,27,BRK,15,359,.581,3.2,,1.000,.649,.297,.054,.000,.000,,.581,.750,.273,.250,,,,.581,,,.149,11,,,,,0,0,simmobe01
464,Kobi Simmons,PG,26,TOR,4,67,.429,13.1,,.619,.286,.190,.095,.048,.381,,.538,.500,.500,1.000,.000,.250,,.429,1.000,,.048,1,,.500,.000,,0,0,simmoko01
465,Anfernee Simons,SG,24,POR,46,1582,.430,17.1,,.516,.140,.183,.105,.088,.484,,.472,.658,.392,.477,.338,.385,,.162,.622,,.018,14,,.077,.290,,0,0,simonan01
466,Zavier Simpson,PG,26,MEM,7,161,.315,13.4,,.685,.167,.333,.093,.093,.315,,.324,.667,.222,.000,.400,.294,,.250,.800,,.019,0,,.118,.000,,0,0,simpsza01
467,Jericho Sims,C,25,NYK,45,585,.691,2.1,,1.000,.800,.182,.018,.000,.000,,.691,.795,.300,.000,,,,.632,,,.582,26,,,,,0,0,simsje01
468,Dmytro Skapintsev,C,25,NYK,2,2,.000,4.2,,1.000,.000,1.000,.000,.000,.000,,.000,,.000,,,,,,,,.000,0,,,,,0,0,skapidm01
469,Jalen Slawson,SF,24,SAC,12,37,.667,11.1,,.667,.500,.000,.167,.000,.333,,1.000,1.000,,1.000,,.000,,.750,,,.167,1,,.000,,,0,0,slawsja01
470,Javonte Smart,PG,24,PHI,1,1,,,,,,,,,,,,,,,,,,,,,,0,,,,,0,0,smartja01
471,Marcus Smart,PG,29,MEM,20,605,.430,18.1,,.435,.105,.177,.118,.034,.565,,.583,.680,.548,.571,.500,.313,,.250,.905,,.000,0,,.209,.357,,2,0,smartma01
472,Dennis Smith Jr.,PG,26,BRK,56,1059,.435,11.5,,.678,.370,.198,.044,.065,.322,,.502,.672,.299,.267,.318,.294,,.426,.875,,.083,25,,.349,.342,,1,0,smithde03
473,Dru Smith,SG,26,MIA,9,131,.455,15.4,,.485,.273,.121,.061,.030,.515,,.500,.667,.500,.000,.000,.412,,.500,.857,,.000,0,,.235,.750,,0,0,smithdr01
474,Ish Smith,PG,35,CHO,43,741,.418,10.3,,.949,.222,.278,.310,.139,.051,,.413,.457,.477,.306,.455,.500,,.387,.750,,.000,0,,.125,1.000,,1,0,smithis01
475,Jabari Smith Jr.,PF,20,HOU,76,2424,.454,16.1,,.544,.187,.140,.142,.074,.456,,.530,.686,.479,.458,.371,.363,,.617,.949,,.066,46,,.182,.464,,5,0,smithja05
476,Jalen Smith,C,23,IND,61,1047,.592,11.7,,.635,.410,.177,.015,.033,.365,,.689,.765,.557,.833,.385,.424,,.671,1.000,,.129,49,,.167,.417,,1,0,smithja04
477,Nick Smith Jr.,SG,19,CHO,51,729,.391,18.5,,.495,.090,.138,.138,.128,.505,,.350,.385,.425,.400,.189,.432,,.380,.841,,.007,2,,.233,.559,,1,0,smithni01
478,Terquavion Smith,PG,21,PHI,16,84,.391,21.1,,.239,.174,.022,.022,.022,.761,,.455,.625,.000,.000,.000,.371,,.200,.846,,.043,2,,.086,.333,,0,0,smithte01
479,Jeremy Sochan,PF,20,SAS,74,2193,.438,11.0,,.707,.332,.256,.084,.035,.293,,.492,.659,.362,.292,.333,.308,,.596,.986,,.098,68,,.317,.319,,4,0,sochaje01
480,Pat Spencer,PG,27,GSW,6,26,.500,15.6,,.500,.250,.250,.000,.000,.500,,1.000,1.000,1.000,,,.000,,.500,,,.250,1,,.000,,,0,0,spencpa01
481,Jaden Springer,SG-PG,21,TOT,49,507,.399,12.2,,.676,.284,.243,.115,.034,.324,,.490,.690,.306,.412,.400,.208,,.429,.900,,.054,8,,.438,.238,,0,0,sprinja01
482,Lamar Stevens,PF,26,TOT,38,559,.450,10.5,,.808,.308,.242,.188,.071,.192,,.485,.622,.414,.400,.353,.304,,.543,1.000,,.100,21,,.565,.231,,1,0,stevela01
483,Isaiah Stewart,PF,22,DET,46,1423,.487,13.5,,.542,.301,.212,.018,.010,.458,,.575,.635,.519,.429,.250,.383,,.723,1.000,,.071,21,,.349,.361,,0,0,stewais01
484,Julian Strawther,SF,21,DEN,50,545,.369,18.6,,.378,.131,.144,.086,.018,.622,,.488,.621,.469,.368,.250,.297,,.659,.951,,.009,2,,.116,.375,,0,0,strawju01
485,Max Strus,SF,27,CLE,70,2239,.418,18.3,,.342,.238,.078,.016,.010,.658,,.546,.607,.351,.667,.429,.351,,.684,.964,,.036,22,,.230,.336,,3,1,strusma01
486,Jalen Suggs,SG,22,ORL,75,2025,.471,16.7,,.461,.204,.137,.078,.041,.539,,.556,.712,.480,.321,.483,.397,,.486,.869,,.048,26,,.252,.392,,1,0,suggsja01
487,Cole Swider,SF,24,MIA,18,87,.395,22.1,,.211,.079,.053,.026,.053,.789,,.625,1.000,.000,1.000,.500,.333,,.800,1.000,,.053,2,,.267,.500,,0,0,swideco01
488,Jae'Sean Tate,SF,28,HOU,65,1031,.472,10.8,,.664,.336,.301,.009,.017,.336,,.559,.610,.551,.000,.000,.299,,.506,1.000,,.026,4,,.545,.333,,0,0,tateja01
489,Jayson Tatum,PF,25,BOS,74,2645,.471,15.4,,.573,.222,.167,.092,.092,.427,,.542,.741,.441,.389,.397,.376,,.357,.485,,.065,86,,.059,.361,,0,0,tatumja01
490,Terry Taylor,PF,24,CHI,31,188,.513,7.5,,.769,.564,.179,.026,.000,.231,,.600,.636,.571,.000,,.222,,.667,1.000,,.051,1,,.778,.286,,0,0,taylote01
491,Garrett Temple,SG,37,TOR,27,289,.372,14.5,,.487,.308,.128,.013,.038,.513,,.447,.625,.200,.000,.000,.300,,.471,1.000,,.026,2,,.525,.381,,0,0,templga01
492,Dalen Terry,SG,21,CHI,59,681,.439,13.2,,.529,.357,.153,.019,.000,.471,,.627,.679,.583,.000,,.230,,.462,.941,,.115,16,,.446,.333,,1,0,terryda01
493,Daniel Theis,C,31,TOT,60,1015,.532,9.5,,.758,.413,.232,.099,.014,.242,,.586,.719,.426,.483,.000,.366,,.792,1.000,,.157,42,,.239,.353,,1,0,theisda01
494,Cam Thomas,SG,22,BRK,66,2075,.442,14.8,,.667,.138,.225,.187,.117,.333,,.481,.646,.433,.462,.410,.364,,.432,.674,,.002,2,,.126,.500,,1,0,thomaca02
495,Isaiah Thomas,PG,34,PHO,6,19,.300,13.6,,.600,.200,.300,.000,.100,.400,,.167,.500,.000,,.000,.500,,.000,1.000,,.000,0,,.250,1.000,,0,0,thomais02
496,Amen Thompson,SF,21,HOU,62,1388,.536,6.9,,.870,.518,.251,.054,.047,.130,,.595,.714,.464,.292,.333,.138,,.481,.875,,.217,88,,.293,.118,,1,0,thompam01
497,Ausar Thompson,SF,21,DET,63,1583,.483,9.8,,.765,.377,.283,.050,.054,.235,,.575,.652,.544,.458,.308,.186,,.673,.952,,.183,79,,.575,.231,,4,0,thompau01
498,Klay Thompson,SF,33,GSW,77,2284,.432,20.3,,.389,.051,.108,.107,.124,.611,,.503,.724,.484,.463,.464,.387,,.721,.937,,.002,2,,.132,.396,,2,0,thompkl01
499,Tristan Thompson,C,32,CLE,49,549,.608,3.4,,.992,.658,.300,.033,.000,.008,,.613,.684,.472,.500,,.000,,.548,,,.200,20,,.000,,,1,0,thomptr01
500,JT Thor,PF,21,CHO,63,781,.437,13.6,,.557,.344,.109,.060,.044,.443,,.510,.651,.200,.364,.375,.346,,.712,1.000,,.104,16,,.519,.333,,0,0,thorjt01
501,Matisse Thybulle,SF,26,POR,65,1487,.397,19.3,,.271,.132,.120,.013,.006,.729,,.535,.643,.421,.750,.000,.346,,.630,1.000,,.025,8,,.385,.382,,1,0,thybuma01
502,Xavier Tillman Sr.,C-PF,25,TOT,54,974,.434,10.3,,.710,.337,.294,.061,.018,.290,,.510,.617,.415,.412,.400,.247,,.812,1.000,,.065,16,,.617,.180,,0,0,tillmxa01
503,Jacob Toppin,SF,23,NYK,9,38,.556,14.1,,.556,.222,.222,.000,.111,.444,,.800,1.000,.500,,1.000,.250,,.750,1.000,,.333,3,,.250,.000,,0,0,toppija01
504,Obi Toppin,PF,25,IND,82,1730,.573,12.7,,.563,.378,.157,.026,.002,.437,,.706,.808,.516,.400,.000,.403,,.796,.990,,.193,101,,.368,.398,,3,0,toppiob01
505,Juan Toscano-Anderson,SF,30,SAC,11,53,.250,9.7,,.667,.417,.250,.000,.000,.333,,.250,.400,.000,,,.250,,1.000,1.000,,.083,1,,.750,.333,,0,0,toscaju01
506,Karl-Anthony Towns,PF,28,MIN,62,2026,.504,12.7,,.656,.258,.290,.063,.045,.344,,.550,.690,.471,.450,.395,.416,,.641,.971,,.043,35,,.089,.414,,1,0,townska01
507,Gary Trent Jr.,SG,25,TOR,71,1994,.426,18.4,,.465,.113,.120,.100,.131,.535,,.464,.667,.441,.365,.387,.393,,.574,.904,,.012,8,,.163,.378,,0,0,trentga02
508,Oscar Tshiebwe,PF,24,IND,8,42,.500,5.0,,1.000,.350,.550,.000,.100,.000,,.500,.571,.455,,.500,,,.800,,,.100,2,,,,,0,0,tshieos01
509,P.J. Tucker,PF,38,TOT,31,486,.360,18.2,,.300,.140,.100,.020,.040,.700,,.333,.571,.000,.000,.500,.371,,.600,1.000,,.000,0,,.971,.382,,0,0,tuckepj01
510,Myles Turner,C,27,IND,77,2076,.524,13.2,,.644,.249,.253,.081,.061,.356,,.615,.761,.487,.568,.618,.358,,.800,.991,,.077,66,,.127,.317,,1,0,turnemy01
511,Hunter Tyson,PF,23,DEN,18,48,.400,20.9,,.300,.100,.050,.050,.100,.700,,.667,.500,1.000,.000,1.000,.286,,1.000,1.000,,.050,1,,.071,1.000,,0,0,tysonhu01
512,Stanley Umude,SG,24,DET,24,307,.440,18.3,,.369,.083,.202,.060,.024,.631,,.419,.714,.412,.200,.000,.453,,.846,1.000,,.024,2,,.547,.483,,0,0,umudest01
513,Jonas Valančiūnas,C,31,NOP,82,1925,.559,8.9,,.833,.344,.323,.115,.051,.167,,.609,.729,.526,.542,.486,.308,,.619,1.000,,.083,54,,.200,.167,,0,0,valanjo01
514,Jarred Vanderbilt,PF,24,LAL,29,581,.518,8.1,,.763,.474,.272,.018,.000,.237,,.586,.685,.452,.000,,.296,,.706,1.000,,.193,21,,.704,.316,,1,0,vandeja01
515,Fred VanVleet,PG,29,HOU,73,2684,.416,19.9,,.424,.093,.123,.073,.136,.576,,.454,.505,.384,.459,.478,.387,,.219,.568,,.000,0,,.090,.491,,8,0,vanvlfr01
516,Devin Vassell,SG,23,SAS,68,2248,.472,16.4,,.578,.163,.126,.159,.130,.422,,.544,.715,.511,.548,.358,.372,,.602,.837,,.050,49,,.188,.512,,2,0,vassede01
517,Sasha Vezenkov,PF,28,SAC,42,511,.440,17.7,,.372,.199,.141,.021,.010,.628,,.549,.763,.333,.000,.500,.375,,.795,.978,,.005,1,,.308,.432,,1,0,vezenal01
518,Gabe Vincent,PG,27,LAL,11,218,.306,18.8,,.429,.122,.122,.041,.143,.571,,.571,.667,.667,.500,.429,.107,,.500,.667,,.000,0,,.179,.000,,0,0,vincega01
519,Nikola Vučević,C,33,CHI,76,2610,.484,12.1,,.742,.225,.302,.128,.086,.258,,.550,.645,.552,.477,.404,.294,,.745,1.000,,.031,31,,.054,.294,,0,0,vucevni01
520,Tristan Vukcevic,C,20,WAS,10,153,.433,16.8,,.463,.209,.164,.060,.030,.537,,.613,.929,.364,.500,.000,.278,,.842,.900,,.060,3,,.083,.000,,0,0,vukcetr01
521,Dean Wade,PF,27,CLE,54,1108,.414,22.6,,.129,.073,.013,.017,.026,.871,,.567,.765,.000,.500,.333,.391,,.647,.987,,.030,6,,.351,.408,,0,0,wadede01
522,Franz Wagner,SF,22,ORL,72,2337,.482,11.3,,.695,.315,.320,.039,.022,.305,,.570,.716,.459,.442,.292,.281,,.419,.787,,.060,65,,.120,.225,,4,0,wagnefr01
523,Moritz Wagner,C,26,ORL,80,1415,.601,7.6,,.792,.504,.272,.005,.009,.208,,.673,.799,.460,.333,.400,.330,,.796,.974,,.091,48,,.322,.324,,1,0,wagnemo01
524,Ish Wainright,SF,29,TOT,11,62,.292,22.7,,.167,.000,.125,.042,.000,.833,,.000,,.000,.000,,.350,,,1.000,,.000,0,,.250,.600,,0,0,wainris01
525,Jabari Walker,SF,21,POR,72,1700,.460,9.8,,.727,.393,.263,.049,.022,.273,,.522,.670,.358,.200,.545,.295,,.617,1.000,,.055,17,,.446,.290,,2,0,walkeja01
526,Jarace Walker,PF,20,IND,33,340,.409,17.4,,.500,.164,.136,.082,.118,.500,,.418,.500,.267,.556,.385,.400,,.565,.818,,.036,4,,.182,.300,,0,0,walkeja02
527,Lonnie Walker IV,SG,25,BRK,58,1011,.423,17.7,,.449,.163,.126,.063,.098,.551,,.471,.663,.355,.387,.354,.384,,.462,.712,,.018,5,,.229,.452,,1,0,walkelo01
528,Cason Wallace,SG,20,OKC,82,1692,.491,16.0,,.471,.229,.120,.059,.063,.529,,.572,.752,.377,.500,.357,.419,,.655,.969,,.054,19,,.496,.474,,0,0,wallaca01
529,Jordan Walsh,SF,19,BOS,9,83,.400,16.1,,.400,.267,.133,.000,.000,.600,,.667,.750,.500,,,.222,,.750,1.000,,.333,4,,.444,.000,,0,0,walshjo01
530,T.J. Warren,SF,30,MIN,11,125,.439,13.5,,.683,.171,.171,.244,.098,.317,,.571,1.000,.429,.300,.750,.154,,.813,1.000,,.000,0,,.308,.250,,0,0,warretj01
531,P.J. Washington,PF,25,TOT,73,2221,.436,15.4,,.491,.200,.239,.039,.012,.509,,.558,.722,.454,.438,.300,.320,,.797,.955,,.060,45,,.266,.245,,2,0,washipj01
532,TyTy Washington Jr.,PG,22,MIL,11,56,.300,17.5,,.700,.050,.200,.100,.350,.300,,.286,1.000,.250,.500,.143,.333,,.500,1.000,,.000,0,,.167,1.000,,0,0,washity02
533,Yuta Watanabe,SF,29,TOT,34,464,.353,20.0,,.267,.095,.103,.043,.026,.733,,.516,.818,.333,.600,.000,.294,,.563,1.000,,.043,5,,.412,.286,,0,0,watanyu01
534,Lindy Waters III,SG,26,OKC,38,280,.471,22.4,,.183,.067,.038,.010,.067,.817,,.632,.714,.750,1.000,.429,.435,,.667,.919,,.010,1,,.271,.522,,0,0,waterli01
535,Trendon Watford,PF,23,BRK,63,856,.527,9.5,,.781,.305,.392,.061,.023,.219,,.564,.705,.492,.421,.286,.397,,.431,.963,,.023,7,,.338,.304,,0,0,watfotr01
536,Peyton Watson,SF,21,DEN,80,1488,.465,12.0,,.660,.342,.204,.089,.025,.340,,.553,.660,.407,.525,.364,.296,,.785,.978,,.143,58,,.434,.273,,6,0,watsope01
537,Victor Wembanyama,C,20,SAS,71,2106,.465,13.0,,.668,.293,.204,.089,.082,.332,,.534,.706,.463,.321,.330,.325,,.728,.797,,.158,165,,.056,.545,,1,0,wembavi01
538,Blake Wesley,SG,20,SAS,61,876,.474,9.8,,.744,.433,.219,.070,.023,.256,,.563,.624,.574,.267,.200,.218,,.556,1.000,,.116,22,,.309,.412,,2,0,weslebl01
539,Russell Westbrook,PG,35,LAC,68,1529,.454,9.6,,.768,.385,.270,.074,.039,.232,,.509,.655,.363,.367,.346,.273,,.378,.857,,.075,38,,.403,.290,,0,0,westbru01
540,Coby White,PG,23,CHI,79,2881,.447,15.5,,.540,.250,.156,.085,.050,.460,,.508,.656,.362,.485,.267,.376,,.289,.833,,.012,14,,.126,.400,,4,0,whiteco01
541,Derrick White,SG,29,BOS,73,2381,.461,18.0,,.410,.114,.192,.080,.024,.590,,.555,.771,.509,.373,.500,.396,,.419,.801,,.015,13,,.202,.420,,0,0,whitede01
542,Jack White,SF,26,MEM,4,64,.125,17.1,,.375,.250,.063,.063,.000,.625,,.000,.000,.000,.000,,.200,,,1.000,,.000,0,,.200,.000,,0,0,whiteja03
543,Cam Whitmore,SF,19,HOU,47,880,.454,14.9,,.529,.257,.206,.026,.041,.471,,.538,.642,.448,.500,.368,.359,,.579,.937,,.107,40,,.173,.342,,2,0,whitmca01
544,Aaron Wiggins,SG,25,OKC,78,1228,.562,10.7,,.666,.422,.186,.040,.019,.334,,.598,.698,.457,.467,.000,.492,,.667,.968,,.042,12,,.413,.404,,0,0,wiggiaa01
545,Andrew Wiggins,SF,28,GSW,71,1920,.453,13.2,,.674,.203,.292,.083,.096,.326,,.498,.639,.491,.338,.360,.358,,.592,.901,,.049,37,,.157,.350,,1,0,wiggian01
546,Lindell Wigginton,PG,25,MIL,3,8,.400,11.7,,.600,.400,.200,.000,.000,.400,,.667,1.000,.000,,,.000,,.000,,,.000,0,,.000,,,0,0,wiggili01
547,Alondes Williams,SG,24,MIA,7,16,.250,15.7,,.500,.250,.250,.000,.000,.500,,.500,1.000,.000,,,.000,,.000,,,.000,0,,.000,,,0,0,willial06
548,Brandon Williams,PG,24,DAL,17,113,.370,12.2,,.722,.259,.259,.093,.111,.278,,.436,.571,.286,.400,.500,.200,,.353,.667,,.037,1,,.133,.000,,0,0,willibr03
549,Grant Williams,PF,25,TOT,76,2130,.456,16.5,,.445,.183,.165,.079,.017,.555,,.558,.793,.400,.375,.400,.375,,.740,.952,,.020,10,,.318,.346,,1,0,willigr01
550,Jalen Williams,PF,22,OKC,71,2223,.540,11.9,,.757,.261,.241,.171,.085,.243,,.576,.730,.473,.529,.488,.427,,.404,.748,,.075,63,,.104,.520,,0,0,willija06
551,Jaylin Williams,C,21,OKC,69,897,.417,17.9,,.368,.180,.118,.053,.018,.632,,.500,.610,.407,.333,.500,.368,,.833,1.000,,.026,5,,.215,.355,,0,0,willija07
552,Jeenathan Williams,SG,24,HOU,22,129,.540,5.9,,.900,.460,.380,.040,.020,.100,,.556,.826,.316,.000,.000,.400,,.400,1.000,,.100,5,,.800,.250,,0,0,willije02
553,Kenrich Williams,PF,29,OKC,69,1029,.468,15.4,,.496,.296,.104,.039,.057,.504,,.540,.699,.379,.182,.250,.397,,.733,.964,,.032,7,,.312,.409,,1,0,willike04
554,Malik Williams,C,25,TOR,7,107,.265,7.4,,.853,.471,.235,.118,.029,.147,,.276,.375,.250,.000,.000,.200,,.500,1.000,,.118,2,,.200,.000,,0,0,willima11
555,Mark Williams,C,22,CHO,19,508,.649,2.6,,1.000,.742,.245,.013,.000,.000,,.649,.741,.378,.500,,,,.633,,,.331,47,,,,,0,0,willima07
556,Patrick Williams,PF,22,CHI,43,1174,.443,14.6,,.588,.267,.128,.092,.100,.412,,.474,.573,.326,.485,.389,.399,,.550,.966,,.109,29,,.304,.422,,0,0,willipa01
557,Robert Williams,C,26,POR,6,119,.654,5.8,,1.000,.500,.269,.038,.192,.000,,.654,.769,.429,1.000,.600,,,.529,,,.269,5,,,,,0,0,williro04
558,Vince Williams Jr.,SG,23,MEM,52,1436,.446,15.7,,.449,.245,.142,.045,.016,.551,,.529,.667,.407,.353,.000,.378,,.511,.924,,.024,9,,.335,.343,,0,0,willivi01
559,Ziaire Williams,SF,22,MEM,51,1038,.397,15.9,,.500,.220,.127,.085,.069,.500,,.487,.747,.250,.281,.346,.307,,.641,.897,,.095,32,,.370,.357,,2,0,willizi02
560,Zion Williamson,PF,23,NOP,70,2207,.570,4.0,,.984,.547,.404,.030,.003,.016,,.574,.717,.396,.394,.333,.333,,.474,.833,,.080,78,,.111,1.000,,0,0,willizi01
561,D.J. Wilson,PF,27,PHI,2,15,.667,10.3,,.667,.333,.333,.000,.000,.333,,.500,1.000,.000,,,1.000,,1.000,1.000,,.167,1,,.500,1.000,,0,0,wilsodj01
562,Jalen Wilson,PF,23,BRK,43,664,.425,14.0,,.587,.229,.251,.084,.022,.413,,.495,.683,.356,.400,.500,.324,,.615,1.000,,.000,0,,.392,.379,,2,0,wilsoja03
563,Dylan Windler,SF,27,TOT,17,108,.500,22.9,,.100,.067,.000,.033,.000,.900,,.667,1.000,,.000,,.481,,1.000,.846,,.000,0,,.370,.400,,0,0,windldy01
564,James Wiseman,C,22,DET,63,1091,.613,4.8,,.993,.446,.433,.079,.036,.007,,.617,.787,.515,.375,.273,.000,,.706,,,.282,81,,.000,,,1,0,wisemja01
565,Isaiah Wong,SG,23,IND,1,4,.333,16.3,,.667,.000,.333,.000,.333,.333,,.500,,.000,,1.000,.000,,.000,,,.000,0,,1.000,.000,,0,0,wongis01
566,Christian Wood,PF,28,LAL,50,872,.466,13.8,,.568,.261,.223,.042,.042,.432,,.587,.812,.424,.455,.182,.307,,.761,.971,,.102,24,,.228,.346,,0,0,woodch01
567,Delon Wright,PG,31,TOT,47,742,.394,13.2,,.638,.218,.314,.059,.048,.362,,.408,.634,.322,.273,.111,.368,,.429,.880,,.005,1,,.235,.250,,1,0,wrighde01
568,Thaddeus Young,PF,35,TOT,33,439,.602,4.8,,.935,.528,.333,.065,.009,.065,,.634,.667,.611,.429,1.000,.143,,.734,1.000,,.046,5,,.571,.250,,0,0,youngth01
569,Trae Young,PG,25,ATL,54,1942,.430,17.6,,.535,.121,.189,.157,.067,.465,,.479,.598,.424,.456,.471,.373,,.252,.337,,.001,0,,.053,.480,,5,0,youngtr01
570,Omer Yurtseven,C,25,UTA,48,545,.538,7.4,,.870,.332,.467,.049,.022,.130,,.588,.738,.500,.444,.500,.208,,.660,1.000,,.185,29,,.458,.273,,0,0,yurtsom01
571,Cody Zeller,C,31,NOP,43,320,.419,3.8,,.952,.661,.258,.016,.016,.048,,.424,.512,.250,.000,.000,.333,,.560,1.000,,.145,9,,.000,,,0,0,zelleco01
572,Ivica Zubac,C,26,LAC,68,1794,.649,3.7,,1.000,.493,.466,.040,.000,.000,,.649,.711,.599,.476,,,,.772,,,.245,112,,,,,0,0,zubaciv01
